language,chunk_size,speaker,wer,cer,comet-score,stt_time,tt_time,tts_time,total_time
da,3000,speaker_1,0.18143459915611815,0.12666666666666668,0.6872474551200867,"[472.44, 280.61, 75.21, 76.84, 99.02, 72.34, 293.78, 73.84, 263.38, 224.45, 107.15, 297.28, 272.22, 254.14, 267.68, 244.48, 251.7, 86.83, 146.89, 131.76, 240.92, 566.59, 162.45, 141.91, 648.21, 135.26, 331.47, 145.32, 121.92, 646.78, 242.85, 331.1, 443.16, 445.39, 155.2, 145.83, 121.66, 147.46, 328.33, 341.52, 613.81, 317.57, 159.06, 142.19, 142.87, 173.18, 350.91, 149.54, 262.83, 658.89, 134.18, 169.44, 151.96, 121.55, 239.87, 357.5, 137.76, 173.3, 471.36]","[466.65, 704.33, 668.64, 568.6, 558.09, 651.22, 776.38, 682.65, 677.78, 799.99, 595.51, 576.7, 602.42, 520.43, 586.05, 600.82, 629.95, 709.16, 489.3, 477.63, 490.68, 472.19, 424.62, 548.23, 523.47, 501.14, 465.0, 538.74, 509.27, 386.17, 431.6, 623.08, 743.91, 650.66, 718.7, 707.47, 599.12, 691.3, 553.87, 489.06, 564.1, 715.14, 528.31, 536.92, 644.75, 588.68, 631.89, 613.91, 789.85, 725.55, 563.49, 555.49, 555.12, 685.2, 719.68, 698.22, 812.4, 750.51, 811.19]","[3423.54, 4820.11, 2832.15, 2308.7, 1561.75, 4202.56, 2717.04, 2718.12, 2301.43, 2488.28, 1163.72, 2096.14, 1975.08, 1829.46, 1791.59, 1378.96, 1682.73, 1156.45, 1326.42, 1112.59, 1091.09, 1457.57, 1439.73, 1217.38, 1926.83, 1364.81, 939.55, 2089.23, 926.91, 1617.68, 1091.98, 2551.04, 1466.05, 2802.85, 2819.79, 2313.8, 2266.52, 2402.66, 1240.64, 852.12, 2744.86, 2307.05, 940.28, 1465.55, 2190.46, 643.49, 1468.39, 1489.27, 1134.94, 2785.6, 2453.57, 2261.77, 1658.53, 2839.66, 1848.46, 2756.75, 1724.35, 1784.23, 482.55]","[40007.9, 42789.34, 43381.46, 43658.21, 43181.95, 45346.61, 45195.06, 45670.49, 45524.61, 45157.76, 44277.78, 44125.82, 43441.52, 42813.05, 42358.22, 41084.09, 40316.29, 38818.23, 38112.55, 37194.16, 35835.8, 35261.05, 34673.02, 33248.87, 32936.5, 32067.63, 30570.58, 30021.67, 28905.83, 27880.35, 26939.52, 27243.17, 26269.32, 26435.52, 26814.35, 27087.63, 27322.06, 27289.06, 26088.35, 24902.84, 24594.24, 24046.45, 22546.21, 21575.78, 21735.93, 20347.16, 19583.97, 19041.31, 18140.16, 18279.19, 18710.72, 18744.67, 18370.2, 19185.72, 18997.1, 19324.62, 18810.31, 18169.61, 17030.97]"
da,3000,speaker_2,0.11524163568773234,0.09393346379647749,0.7424519062042236,"[368.37, 256.46, 111.08, 234.41, 72.6, 291.3, 103.01, 86.8, 107.13, 70.11, 111.13, 71.18, 106.81, 92.65, 280.12, 100.35, 248.4, 328.96, 141.41, 189.13, 142.03, 313.84, 305.41, 210.84, 133.19, 295.79, 351.17, 150.91, 182.98, 321.3, 277.92, 178.77, 143.31, 279.61, 276.6, 184.4, 141.03, 175.28, 133.35, 163.78, 325.65, 170.24, 186.18, 537.68, 161.99, 329.42, 591.58, 179.84, 749.94, 372.7, 191.67, 197.5, 173.08, 508.77, 125.92, 488.54]","[398.89, 695.03, 736.05, 737.84, 716.83, 657.73, 640.77, 607.99, 562.64, 613.31, 587.7, 621.86, 649.48, 513.69, 616.62, 705.46, 643.2, 674.25, 605.47, 527.05, 630.87, 572.86, 720.74, 874.9, 690.19, 587.28, 589.88, 671.9, 606.49, 681.39, 650.3, 466.7, 490.62, 588.64, 556.2, 476.61, 503.7, 637.17, 615.44, 641.89, 630.44, 514.17, 546.73, 611.28, 616.57, 598.01, 715.79, 589.9, 765.84, 845.37, 763.0, 530.99, 489.83, 801.98, 715.3, 638.08]","[3340.24, 8436.08, 2571.34, 2663.2, 2519.91, 2275.7, 1837.33, 2071.2, 1949.01, 2807.43, 1544.18, 2903.09, 2145.97, 1313.17, 2013.08, 2042.71, 2091.1, 2569.42, 1407.6, 2300.02, 2345.4, 1313.15, 6095.3, 2888.61, 2123.5, 1107.89, 2437.45, 2918.44, 1185.2, 4446.8, 2858.71, 538.22, 1903.47, 2231.85, 2612.18, 2125.19, 3885.18, 2356.9, 2230.99, 1564.09, 1559.05, 1914.44, 1829.57, 1793.96, 2833.35, 2051.39, 1296.59, 1346.98, 3711.46, 3267.19, 3764.91, 1903.65, 480.58, 7176.56, 2245.79, 478.25]","[37883.6, 43671.81, 43785.25, 44200.83, 44685.7, 44713.57, 44505.19, 44331.36, 44240.16, 45011.76, 44514.0, 45164.36, 45269.5, 44537.2, 43477.28, 43488.3, 42720.49, 42636.08, 42001.41, 41653.54, 41949.94, 40217.28, 44266.94, 45131.09, 45018.38, 44099.26, 44298.37, 45189.05, 44346.3, 46746.72, 47377.56, 45675.58, 45340.44, 45331.77, 45915.58, 46007.56, 47652.09, 47769.08, 47960.74, 47292.34, 46410.18, 46083.39, 45865.16, 44811.26, 45404.32, 45011.22, 43664.78, 42976.31, 44653.74, 45277.83, 46384.2, 46056.63, 44510.32, 49056.19, 49065.65, 47912.64]"
da,3000,speaker_3,0.21035598705501618,0.14568345323741008,0.7040459513664246,"[377.49, 285.77, 111.79, 252.38, 285.66, 72.54, 75.79, 91.1, 112.32, 79.5, 89.86, 104.03, 229.27, 230.74, 90.49, 70.73, 99.89, 269.13, 151.73, 273.54, 286.49, 143.56, 134.43, 270.89, 124.91, 290.62, 294.74, 165.1, 312.28, 181.19, 367.88, 359.41, 325.46, 129.94, 162.03, 309.74, 185.13, 151.11, 334.16, 150.06, 131.05, 161.51, 145.42, 171.62, 134.2, 272.24, 163.37, 1126.98, 806.13, 147.65, 454.3, 800.31, 323.21, 131.41, 330.16, 183.6, 119.16, 177.81, 584.06, 199.99, 171.25, 209.88, 215.68, 683.42, 341.85, 934.44, 795.52, 446.81, 322.93]","[452.7, 726.87, 687.59, 579.2, 615.9, 595.5, 612.86, 592.08, 557.54, 481.28, 587.67, 636.13, 589.76, 585.23, 657.52, 684.64, 598.09, 652.35, 652.93, 507.2, 506.58, 641.1, 658.94, 706.6, 651.16, 614.83, 905.52, 684.87, 706.75, 668.46, 661.75, 603.16, 414.21, 461.69, 465.92, 492.13, 579.23, 591.43, 564.73, 668.65, 647.44, 480.2, 456.89, 539.02, 604.91, 499.12, 492.16, 601.23, 577.26, 453.52, 587.28, 686.85, 504.04, 598.31, 706.66, 501.45, 648.74, 675.81, 519.66, 679.62, 614.37, 461.84, 362.55, 744.83, 756.15, 738.44, 624.24, 861.63, 916.99]","[3024.19, 4699.18, 1524.33, 4930.83, 1989.01, 2674.66, 1692.35, 1902.34, 1622.35, 989.64, 1727.24, 3136.01, 1788.17, 2708.95, 2906.53, 2551.31, 1893.86, 2125.44, 2384.95, 1671.98, 2305.25, 2134.37, 3032.97, 1911.96, 2012.97, 1897.06, 3251.1, 1442.81, 3983.01, 595.22, 3651.66, 1669.54, 1831.94, 1775.47, 1188.81, 1751.53, 2559.96, 1514.21, 2156.73, 2717.24, 2849.23, 1417.46, 794.15, 2511.86, 2065.52, 2830.2, 1732.26, 958.0, 2111.61, 1358.18, 2301.61, 2131.43, 1785.94, 4569.58, 3012.82, 1744.69, 3532.92, 1832.06, 3282.57, 2019.33, 1097.82, 2616.7, 1602.87, 1926.85, 2566.2, 1159.77, 459.67, 3752.04, 671.86]","[36829.68, 39460.83, 38927.52, 41140.97, 41058.08, 41666.69, 41057.34, 40879.03, 40431.36, 39341.48, 38994.6, 39838.97, 39325.84, 39744.79, 40359.7, 40863.03, 40673.49, 40529.85, 40665.4, 39639.38, 39670.72, 39726.09, 40694.16, 40133.97, 39880.46, 39516.05, 39675.63, 39062.99, 40771.91, 39092.05, 40479.87, 39052.07, 38012.75, 37722.23, 36853.56, 36322.5, 35785.61, 35027.13, 34714.07, 35174.91, 35746.27, 35097.9, 33811.51, 33856.08, 33659.27, 34236.91, 33911.99, 31780.28, 30796.65, 30104.79, 29495.28, 29147.6, 28257.56, 30548.76, 31082.07, 30745.95, 32020.35, 31790.99, 32996.4, 31921.33, 29929.65, 30496.5, 29812.06, 29672.46, 29571.11, 28454.17, 26017.58, 27508.58, 26539.81]"
da,3000,speaker_4,0.08734939759036145,0.09387296233839236,0.7463175654411316,"[392.53, 279.0, 239.8, 263.66, 272.92, 246.86, 268.34, 264.15, 251.7, 263.3, 282.77, 280.82, 85.16, 293.59, 109.47, 71.4, 159.59, 363.67, 282.66, 138.95, 156.68, 128.77, 280.64, 141.46, 288.61, 296.1, 170.64, 150.08, 288.53, 139.48, 164.39, 138.07, 136.57, 167.04, 170.02, 357.86, 278.86, 163.47, 177.96, 166.92, 132.45, 132.65, 153.94, 320.7, 168.67, 332.2, 349.1, 171.68, 164.8, 139.58, 150.41, 171.9, 139.38, 171.95, 188.89, 165.46, 143.24, 347.73, 170.86, 141.9, 210.16, 130.54, 162.1, 223.92, 146.53, 146.83, 177.98, 934.54, 377.64, 325.7]","[469.48, 639.58, 690.89, 801.73, 862.09, 709.93, 597.53, 661.24, 703.11, 693.59, 586.21, 635.83, 648.99, 568.58, 638.61, 658.98, 548.83, 699.45, 792.74, 494.59, 580.1, 638.15, 720.96, 726.12, 520.35, 526.72, 615.73, 556.98, 451.11, 598.78, 632.36, 512.88, 526.47, 478.67, 532.73, 611.79, 741.49, 628.51, 574.23, 446.52, 497.47, 486.5, 580.72, 509.52, 525.82, 718.87, 718.95, 566.16, 568.08, 553.04, 598.56, 614.38, 665.2, 512.72, 756.0, 763.24, 576.56, 552.26, 538.1, 513.44, 491.98, 635.18, 701.41, 658.0, 632.65, 718.04, 629.81, 685.56, 771.43, 876.07]","[5098.79, 8085.5, 2373.07, 2995.75, 2491.17, 2539.17, 1064.89, 2528.01, 3265.2, 1883.47, 1285.56, 2711.85, 2107.9, 1862.86, 3113.01, 2050.45, 1004.15, 3669.39, 1389.15, 1650.19, 2289.2, 1510.99, 3413.48, 2112.45, 1622.6, 1731.76, 2288.65, 984.98, 1548.42, 2069.07, 1797.04, 2000.56, 1776.73, 1527.7, 1774.64, 2118.57, 1792.81, 1542.48, 2104.55, 1053.94, 1886.58, 1837.42, 2406.33, 3359.63, 1444.47, 3285.89, 1579.43, 1167.3, 1733.98, 1504.01, 2654.26, 2055.5, 2137.64, 1049.84, 3484.7, 2262.13, 1362.07, 1779.67, 1043.0, 608.37, 2233.25, 2493.92, 1554.73, 1795.45, 3068.89, 2288.24, 2796.43, 490.29, 2195.04, 459.24]","[39596.51, 45001.01, 45076.02, 45787.0, 45565.78, 45595.88, 43956.07, 44405.48, 44977.73, 43741.65, 42731.52, 42533.46, 42581.49, 41948.73, 42997.89, 42955.47, 41895.5, 43285.91, 42394.08, 41549.3, 41762.53, 41213.24, 41546.11, 41595.31, 40962.36, 40018.57, 40265.99, 38990.96, 38270.53, 37851.42, 37570.91, 37515.11, 37234.3, 36476.48, 36189.43, 35833.79, 34944.29, 34222.17, 33850.84, 32843.01, 32460.51, 32044.73, 32407.97, 32661.15, 32041.8, 32228.28, 31108.03, 30031.36, 29710.99, 28928.98, 29523.28, 29526.25, 29396.25, 28194.31, 26497.36, 25673.63, 24970.23, 24272.11, 23053.39, 21195.45, 21362.19, 21189.94, 20690.85, 20012.16, 21019.24, 21249.03, 21983.03, 19549.2, 19244.39, 18463.26]"
da,3000,speaker_5,0.19130434782608696,0.1498371335504886,0.7173603177070618,"[363.17, 252.04, 74.18, 105.74, 277.19, 78.12, 89.44, 71.17, 135.2, 225.81, 71.61, 73.19, 264.25, 98.24, 255.61, 73.13, 280.19, 259.71, 285.47, 191.27, 245.47, 237.39, 151.48, 250.24, 257.58, 145.16, 143.39, 170.36, 164.43, 278.05, 164.38, 140.45, 301.79, 273.32, 164.42, 311.26, 154.71, 127.07, 131.87, 141.02, 148.92, 354.09, 124.65, 132.98, 312.92, 128.1, 148.82, 153.46, 205.77, 399.97, 158.6, 132.85, 180.06, 162.78, 139.98, 166.77, 646.53, 324.58, 237.31, 259.05, 131.18, 743.1, 172.99, 201.27, 664.9, 154.08, 181.6, 192.55, 225.5, 272.67, 127.43, 440.98, 127.26, 181.57, 737.42, 171.64, 184.84, 1066.93, 137.07, 270.01, 419.69]","[455.53, 433.08, 551.47, 631.43, 623.76, 639.51, 582.89, 553.6, 603.06, 667.98, 596.43, 566.2, 516.23, 549.42, 609.93, 487.11, 508.01, 542.63, 526.88, 548.13, 657.67, 555.12, 548.05, 572.3, 576.68, 572.83, 579.57, 613.2, 675.37, 617.95, 480.29, 547.43, 713.4, 644.53, 671.17, 580.27, 465.07, 553.16, 654.29, 623.86, 550.11, 623.32, 439.06, 517.91, 572.21, 458.17, 547.05, 744.14, 646.86, 516.69, 545.8, 513.66, 574.96, 572.57, 675.35, 550.21, 590.05, 733.0, 605.04, 608.28, 615.92, 651.83, 657.73, 642.61, 610.25, 513.65, 440.64, 632.69, 694.14, 429.66, 509.99, 669.16, 556.62, 445.82, 665.88, 781.16, 638.46, 660.64, 794.64, 584.23, 476.51]","[3526.25, 2772.15, 2936.94, 1952.89, 2023.71, 2027.43, 1399.08, 2158.97, 3226.53, 1635.7, 1896.41, 1747.26, 1086.69, 5045.44, 1553.01, 920.53, 1451.35, 1349.73, 1626.14, 1988.07, 2461.71, 2196.57, 2462.58, 1619.37, 1363.24, 1062.76, 2407.65, 2048.44, 2150.94, 986.86, 1000.89, 1844.73, 1748.58, 1826.0, 2060.02, 1487.28, 1158.13, 1504.29, 1976.98, 1459.29, 1217.03, 1329.97, 765.7, 1806.58, 1267.96, 1959.45, 1839.39, 1864.97, 1424.65, 1665.14, 2210.92, 2050.34, 962.97, 1491.54, 1856.67, 2089.69, 2726.04, 1963.08, 1876.11, 1750.89, 1339.89, 3652.54, 2333.2, 2807.76, 1973.58, 2251.78, 1328.46, 1402.64, 973.59, 608.22, 1742.54, 2789.08, 2857.6, 1145.0, 1845.61, 3802.72, 2205.31, 2644.12, 3146.27, 616.63, 1949.32]","[37505.45, 38203.24, 38862.99, 38763.06, 38302.62, 38254.91, 37586.03, 37460.44, 38597.22, 37513.79, 37326.4, 36999.73, 35189.53, 38147.68, 36605.67, 35449.9, 34004.12, 33286.81, 32440.14, 32358.15, 32156.74, 31887.03, 32287.82, 31428.11, 30513.16, 29322.26, 29665.26, 29661.62, 29741.84, 28254.62, 26966.78, 26521.59, 25792.67, 25364.7, 23099.02, 22115.04, 21006.88, 20445.24, 20348.5, 19123.93, 18279.25, 17334.91, 15816.76, 15559.22, 14143.36, 14053.6, 13824.97, 13211.49, 12582.79, 11796.17, 11727.95, 11722.18, 10614.7, 10044.47, 9638.84, 9665.77, 9502.47, 8572.8, 8178.49, 7449.31, 6509.65, 7268.91, 7334.08, 8064.5, 7966.4, 7132.75, 5566.2, 4914.9, 3622.21, 1765.27, 2380.76, 3900.97, 4477.65, 3136.58, 3250.76, 4755.99, 4263.72, 4422.02, 5298.79, 1577.96, 2855.6]"
da,3000,speaker_6,0.1693121693121693,0.14621676891615543,0.7568313479423523,"[376.5, 253.88, 249.51, 263.58, 256.56, 279.58, 256.28, 298.44, 309.24, 125.3, 91.59, 294.41, 86.66, 251.27, 286.06, 90.46, 122.18, 170.86, 301.78, 124.52, 115.27, 137.29, 135.61, 256.7, 132.33, 167.4, 149.29, 178.73, 125.59, 286.65, 141.52, 195.71, 316.63, 163.66, 133.43, 148.07, 302.97, 157.79, 123.59, 134.4, 207.45, 152.02, 144.03, 170.96, 126.09, 130.5, 418.67, 832.63, 167.28, 160.65, 290.63, 161.37, 197.56, 331.64, 120.02, 134.23, 173.56, 410.52, 177.55, 450.84, 726.21, 207.6, 175.01, 1040.55, 175.1, 695.72, 906.8, 161.07, 841.1, 195.64, 142.19, 148.49, 164.25, 176.0, 398.67, 864.07, 182.52, 176.47, 147.25, 334.3]","[561.2, 754.08, 695.23, 589.77, 613.13, 609.07, 595.31, 623.76, 685.08, 644.18, 586.19, 702.11, 578.14, 465.87, 412.66, 494.79, 552.11, 504.94, 692.77, 691.61, 608.88, 524.26, 881.0, 548.91, 502.42, 588.67, 604.88, 547.1, 517.61, 578.92, 533.52, 472.57, 512.75, 612.6, 665.62, 587.83, 636.98, 623.63, 632.61, 615.5, 627.03, 554.39, 1261.17, 645.65, 571.11, 553.38, 527.49, 612.26, 575.97, 419.75, 646.94, 572.2, 671.89, 635.34, 459.16, 549.42, 447.0, 496.87, 612.39, 494.24, 595.11, 680.45, 536.3, 767.68, 884.66, 843.69, 511.06, 582.09, 797.76, 913.59, 1012.53, 835.97, 748.23, 687.87, 665.02, 749.02, 735.07, 725.29, 674.82, 543.59]","[6323.11, 2547.08, 1769.25, 1795.69, 2126.31, 1476.21, 3743.11, 933.34, 4669.24, 2046.89, 2734.76, 2377.87, 1499.99, 2227.67, 1137.77, 1698.66, 1558.14, 1371.9, 1542.8, 921.68, 2404.78, 1626.91, 2587.66, 1749.37, 1815.88, 2547.0, 1921.64, 1716.25, 1864.14, 1761.51, 1209.38, 1630.94, 1232.79, 2448.16, 1705.55, 2435.21, 3616.85, 1386.51, 3015.1, 1623.94, 2611.28, 290.79, 3164.49, 1486.53, 1069.15, 1612.36, 2035.22, 1344.96, 1287.67, 1128.23, 1646.85, 1131.64, 3226.51, 2138.13, 1228.81, 1432.99, 507.55, 1766.16, 1501.51, 1931.13, 5071.48, 1458.07, 486.41, 2300.8, 4160.44, 3619.85, 2732.62, 1948.08, 1992.73, 3169.79, 2462.1, 2328.12, 1618.44, 513.31, 1899.55, 1550.74, 1711.29, 2017.16, 2197.98, 491.82]","[39869.82, 39717.45, 39409.77, 38084.08, 37902.49, 37093.01, 38143.3, 36788.56, 39375.21, 39346.5, 39795.77, 39050.38, 38469.89, 38425.72, 37104.82, 36712.48, 35987.36, 35296.89, 33952.51, 32816.15, 32929.38, 32489.51, 32821.4, 32298.56, 32035.89, 31882.92, 31540.92, 31186.33, 30977.53, 30267.11, 29431.11, 29010.91, 27558.53, 27757.79, 26784.55, 26935.56, 28295.91, 27184.15, 28147.33, 27711.34, 28268.57, 26296.11, 26983.01, 26000.39, 24811.73, 24356.67, 23534.32, 22604.96, 21632.06, 18624.25, 17793.33, 16671.04, 17026.36, 16479.75, 15660.92, 14444.48, 12894.5, 12189.6, 11653.94, 11318.69, 14338.24, 13728.8, 12155.37, 11572.09, 13079.42, 14215.31, 13838.91, 13725.81, 13449.43, 13709.73, 14124.11, 14388.44, 13737.43, 12194.61, 11828.83, 10514.1, 10166.31, 10119.62, 10047.02, 9924.43]"
da,3000,speaker_7,0.19594594594594594,0.13088057901085645,0.7537230849266052,"[364.45, 253.08, 124.71, 81.58, 131.87, 85.4, 139.52, 108.51, 79.53, 244.11, 243.97, 75.47, 118.11, 86.85, 256.16, 281.71, 236.72, 307.68, 148.27, 275.37, 128.97, 273.94, 267.1, 286.68, 267.08, 140.13, 298.56, 119.54, 137.24, 151.53, 179.9, 158.63, 313.23, 186.19, 129.65, 151.39, 144.38, 141.06, 188.97, 146.35, 336.68, 157.38, 153.24, 131.62, 140.38, 145.19, 152.01, 162.76, 138.82, 186.41, 142.78, 178.16, 156.0, 383.24, 145.37, 191.79, 184.46, 135.24, 184.81, 369.12, 217.21, 128.93, 426.62]","[447.72, 573.7, 559.21, 675.98, 660.16, 504.1, 682.44, 587.95, 563.78, 660.57, 659.71, 728.0, 856.52, 933.8, 810.06, 626.98, 628.99, 621.77, 606.0, 714.99, 692.5, 553.78, 531.83, 614.79, 615.22, 594.37, 582.83, 675.06, 727.63, 503.83, 455.98, 496.47, 622.3, 694.22, 646.32, 502.77, 472.98, 562.89, 520.71, 517.54, 621.75, 536.96, 581.48, 634.16, 688.69, 578.69, 609.5, 549.58, 615.06, 682.59, 582.73, 534.65, 491.96, 525.35, 623.22, 633.01, 587.86, 613.45, 587.19, 716.25, 891.79, 804.39, 714.56]","[3736.37, 2718.8, 1715.73, 3902.05, 1561.9, 2671.0, 1907.21, 1162.98, 2173.58, 2393.28, 2887.61, 2412.36, 2817.08, 2575.86, 2733.63, 1049.29, 1974.66, 1487.98, 2066.4, 5560.41, 2411.56, 1497.15, 1921.8, 1703.09, 1830.76, 1186.1, 1502.31, 2065.94, 2106.67, 1631.84, 1035.55, 1454.02, 2158.65, 3188.67, 2083.8, 1158.31, 1974.53, 1605.29, 1300.33, 2387.45, 1970.33, 2378.06, 2453.11, 3109.57, 2043.87, 1360.6, 2799.82, 769.97, 3212.66, 2250.2, 2069.04, 1995.5, 1705.4, 1975.52, 2984.86, 1111.28, 1873.73, 1761.77, 1623.42, 3726.43, 3510.13, 2485.76, 370.32]","[38484.93, 38924.39, 38548.19, 40368.06, 39878.37, 40469.59, 40088.35, 39172.48, 39267.77, 39154.93, 39757.28, 40096.93, 40612.52, 40904.26, 41156.1, 39730.3, 39440.31, 37793.41, 37786.8, 40238.97, 40568.41, 39770.99, 39204.39, 38424.55, 37589.13, 36711.53, 35513.68, 35511.2, 35139.28, 34518.27, 33495.93, 32905.57, 32374.42, 33113.6, 33132.6, 32242.28, 31943.21, 31464.25, 30704.25, 31028.04, 30531.67, 30843.59, 31025.64, 32065.98, 32041.13, 31346.18, 31871.89, 30574.69, 31706.52, 31881.13, 31680.16, 31630.57, 31259.63, 30757.62, 31674.48, 30519.3, 29275.97, 28560.71, 28103.37, 29570.97, 31044.97, 31066.67, 31027.22]"
da,3000,speaker_8,0.119533527696793,0.11434735706580366,0.7607370018959045,"[403.56, 262.59, 115.15, 85.13, 258.05, 101.98, 116.99, 260.26, 73.16, 231.86, 89.23, 107.58, 107.07, 75.34, 241.0, 192.1, 285.35, 145.92, 163.13, 138.45, 140.62, 163.46, 181.79, 156.53, 156.02, 248.98, 172.73, 153.13, 328.22, 153.15, 337.76, 165.35, 147.01, 319.68, 351.79, 137.09, 277.6, 295.07, 136.05, 153.39, 157.25, 136.41, 155.18, 171.69, 132.78, 172.03, 154.46, 141.16, 244.59, 834.37, 133.76, 437.98, 173.44, 810.38, 225.52, 234.26, 143.4, 139.92, 713.98, 165.92, 493.76, 172.69, 211.87, 151.42, 137.15, 189.92, 148.55, 148.7, 577.34, 123.3, 329.53, 287.84]","[473.4, 645.43, 619.15, 645.89, 648.11, 763.26, 730.12, 664.51, 704.24, 688.87, 622.91, 594.93, 507.61, 610.23, 628.54, 527.79, 507.3, 581.45, 643.88, 555.85, 504.26, 505.37, 581.06, 605.96, 617.65, 564.55, 532.31, 554.4, 853.79, 832.47, 798.42, 861.02, 782.51, 664.08, 672.98, 641.86, 554.78, 608.8, 618.06, 456.99, 594.47, 688.71, 543.21, 497.54, 368.72, 467.2, 513.14, 628.65, 570.16, 728.95, 617.7, 636.44, 590.17, 694.07, 650.49, 606.1, 560.46, 687.68, 662.81, 470.94, 655.62, 692.53, 603.39, 695.38, 585.66, 542.63, 577.4, 613.46, 543.4, 564.85, 617.82, 583.5]","[4349.37, 3559.33, 1741.83, 2151.82, 2568.16, 3975.02, 2343.74, 2049.74, 1933.13, 3929.05, 1922.19, 2152.67, 1039.96, 2708.61, 1642.01, 1314.52, 1050.08, 2419.68, 2045.53, 1916.02, 1967.59, 1293.63, 1955.55, 2575.58, 1905.96, 2139.41, 2250.79, 1113.3, 8200.01, 546.94, 3581.67, 2663.31, 3856.93, 531.38, 3974.71, 2119.86, 1613.05, 1470.39, 2093.22, 585.45, 1647.76, 2216.44, 2390.84, 2058.87, 1433.65, 2034.97, 1923.09, 2197.07, 2413.81, 1910.24, 2220.57, 1472.59, 1709.33, 1451.36, 1500.44, 1168.24, 1206.36, 3931.92, 2043.7, 1395.09, 2867.22, 1156.84, 2815.5, 1344.84, 1917.84, 1805.28, 1198.77, 1931.4, 1436.09, 1154.92, 1210.49, 1375.01]","[38548.54, 40018.2, 39669.11, 39547.98, 39831.89, 41530.07, 41592.31, 40547.5, 40394.65, 41407.33, 41262.98, 41343.41, 40314.49, 40725.81, 39885.93, 39131.42, 37478.06, 37840.86, 37607.36, 37471.71, 37381.98, 36596.02, 36471.93, 36795.64, 36643.37, 36533.55, 36731.46, 35576.47, 41288.6, 39361.0, 40670.1, 41256.01, 43035.27, 40880.58, 42781.48, 42848.45, 41785.6, 40981.81, 41017.58, 39549.91, 38919.19, 39068.3, 39386.23, 38771.4, 38133.11, 37684.85, 37539.89, 37699.6, 37236.63, 36863.93, 36771.72, 36191.64, 35836.87, 35227.66, 34480.99, 33595.92, 32761.37, 34644.74, 34425.76, 33763.65, 34558.86, 33645.56, 34171.23, 33438.73, 33084.75, 32805.84, 31738.82, 31593.22, 30355.35, 29442.41, 27557.76, 26681.5]"
da,3000,speaker_9,0.13659793814432988,0.1308097747963584,0.6870154738426208,"[439.84, 277.93, 250.62, 285.62, 88.25, 229.03, 263.08, 239.03, 69.91, 71.63, 241.89, 292.67, 107.29, 132.9, 242.74, 297.96, 286.49, 133.25, 142.86, 128.31, 164.58, 344.26, 289.5, 132.88, 134.61, 167.68, 127.07, 145.13, 144.94, 172.1, 329.16, 319.26, 188.34, 220.56, 319.62, 346.81, 294.38, 259.28, 136.73, 156.68, 135.75, 172.5, 380.5, 180.06, 177.16, 160.98, 155.72, 167.36, 153.8, 147.05, 170.17, 416.0, 134.45, 168.47, 179.65, 172.55, 226.35, 226.01, 190.52, 704.51, 131.18, 767.99, 390.8, 142.22, 315.8, 389.58, 151.06, 702.19, 571.0, 142.98, 190.5, 410.91, 134.98, 154.64, 241.54, 700.99, 165.99, 140.42, 992.91, 366.65, 147.18, 600.44, 419.57, 134.69, 200.83, 155.43, 127.22, 409.93]","[477.68, 544.71, 581.13, 559.1, 614.41, 688.83, 772.62, 684.04, 550.66, 615.68, 628.65, 605.38, 610.68, 609.24, 553.89, 593.36, 690.79, 698.36, 642.37, 630.94, 570.16, 587.24, 638.46, 574.28, 654.14, 680.2, 565.66, 583.23, 558.88, 572.1, 536.54, 550.25, 458.29, 571.04, 688.11, 619.16, 689.72, 676.06, 534.69, 371.98, 388.27, 534.45, 604.03, 663.48, 687.14, 506.31, 550.08, 517.99, 420.46, 572.32, 498.79, 580.48, 598.24, 559.93, 516.47, 703.78, 709.47, 632.37, 550.79, 701.58, 687.16, 601.66, 544.69, 580.67, 522.52, 626.22, 654.62, 566.4, 709.07, 589.41, 560.28, 790.54, 954.54, 538.61, 630.29, 616.5, 565.85, 565.87, 685.17, 531.87, 469.34, 654.2, 536.67, 621.63, 708.21, 640.41, 646.56, 647.55]","[4095.54, 2565.08, 2742.13, 1508.24, 5749.8, 2284.31, 5135.55, 1675.13, 1835.46, 1648.2, 2021.18, 1737.34, 2702.04, 1796.54, 1010.32, 1708.62, 2785.88, 2039.33, 1926.54, 1615.2, 1168.18, 1194.84, 2869.4, 1239.11, 2026.84, 2083.46, 1477.48, 1756.97, 1184.09, 1117.0, 1240.62, 1948.13, 1449.44, 2488.45, 1252.21, 3303.91, 2909.83, 2923.68, 1255.56, 1786.24, 2460.68, 1488.68, 1060.17, 2982.46, 1334.77, 1333.66, 1438.64, 1866.64, 2267.78, 2319.14, 1368.86, 2853.98, 2970.7, 1897.67, 1503.79, 1725.77, 1142.29, 464.1, 2295.45, 3891.0, 1964.15, 1707.89, 2546.2, 1085.07, 1728.72, 1636.28, 429.24, 1062.86, 1816.15, 1700.61, 555.18, 1131.8, 2166.38, 1610.15, 1332.43, 2718.56, 2070.37, 1224.7, 1095.2, 935.49, 2006.37, 1611.25, 3629.89, 1710.1, 1324.02, 3617.21, 2321.58, 777.5]","[37454.9, 37534.94, 37558.73, 36768.57, 40442.9, 40013.2, 42026.32, 40782.05, 40531.84, 40110.41, 39847.2, 39491.86, 40121.52, 39848.43, 38379.46, 37588.02, 37473.58, 37252.59, 36703.97, 36261.94, 35345.21, 33406.49, 33402.73, 32553.0, 32100.46, 31306.62, 30717.14, 30417.3, 29551.68, 27986.65, 26945.94, 26611.11, 24978.85, 25010.15, 23787.3, 25017.89, 25051.13, 25720.28, 24717.41, 24442.89, 24830.79, 24237.57, 22837.58, 23733.38, 22783.63, 21651.01, 20805.24, 20391.81, 20613.03, 20663.01, 19771.54, 20565.75, 21265.34, 21114.11, 20128.61, 18969.37, 18046.99, 16442.77, 16664.66, 18293.47, 18185.39, 17819.86, 17884.23, 16700.94, 16364.84, 15544.52, 13905.62, 12473.57, 11813.02, 11252.79, 9548.91, 8627.48, 8534.29, 8078.53, 7165.15, 7417.85, 7006.37, 5945.46, 3939.74, 2186.17, 2623.27, 2867.47, 4587.27, 3816.29, 3058.98, 4433.59, 4083.07, 3203.53]"
da,3000,speaker_10,0.16071428571428573,0.1187433439829606,0.7165730595588684,"[402.25, 233.56, 107.36, 320.96, 293.09, 85.9, 282.57, 90.58, 119.08, 240.3, 76.63, 98.53, 274.42, 305.06, 81.75, 308.85, 82.48, 221.67, 200.15, 285.43, 268.37, 149.64, 191.57, 125.93, 131.01, 183.35, 335.36, 157.91, 163.81, 319.21, 284.83, 312.75, 312.89, 181.08, 333.1, 315.94, 151.34, 281.24, 116.11, 154.43, 202.08, 170.11, 152.4, 257.11, 182.29, 127.66, 184.96, 175.82, 145.17, 182.08, 153.47, 167.34, 150.69, 197.44, 164.27, 151.26, 169.76, 701.76, 908.85, 224.1, 162.95, 1100.34, 218.22, 986.51, 196.19, 135.11, 197.72, 928.94, 293.96]","[530.46, 502.41, 635.48, 802.25, 575.9, 533.49, 659.9, 682.4, 633.56, 598.47, 708.93, 791.55, 625.63, 719.28, 728.38, 571.1, 629.87, 677.21, 646.87, 677.98, 646.07, 623.68, 655.79, 656.96, 781.56, 688.87, 664.58, 681.44, 736.29, 723.98, 712.22, 709.37, 742.22, 687.78, 549.62, 677.47, 676.37, 532.41, 479.11, 434.48, 436.46, 457.22, 620.37, 733.26, 641.4, 669.05, 782.16, 608.52, 644.26, 524.34, 582.7, 787.45, 654.79, 689.18, 751.0, 915.09, 831.63, 675.66, 675.26, 597.67, 611.19, 709.16, 711.62, 812.29, 612.33, 559.06, 549.96, 703.68, 572.81]","[3901.84, 1599.65, 3309.69, 4182.65, 943.78, 2277.6, 6933.69, 2113.98, 1807.2, 2136.89, 3212.73, 2170.75, 2192.55, 2039.05, 2040.07, 1309.45, 1902.48, 1873.52, 3006.13, 1585.7, 1902.55, 2141.16, 2597.67, 2077.99, 2606.06, 640.44, 2994.6, 2030.18, 3751.72, 2270.65, 2314.24, 1782.39, 3052.08, 1843.15, 563.47, 3063.71, 1788.76, 1436.83, 1049.26, 444.2, 1738.26, 2215.39, 1729.01, 4527.85, 2737.98, 4226.16, 3088.17, 2419.64, 1579.43, 1857.76, 1636.52, 3083.13, 3021.49, 1640.46, 2802.61, 4063.87, 2125.22, 3442.82, 1588.12, 1569.36, 1674.61, 2051.37, 2155.5, 2449.21, 1195.2, 1131.1, 1488.85, 3027.85, 463.24]","[38572.41, 38089.96, 39098.22, 40782.43, 39250.35, 39445.28, 43254.33, 43290.67, 43017.65, 42658.35, 43785.79, 43891.9, 43584.68, 43339.79, 43303.71, 42130.28, 41737.56, 41535.87, 41649.96, 40948.76, 40776.48, 40634.54, 40770.74, 40775.9, 41119.81, 39690.44, 40634.89, 40603.81, 41878.14, 41880.42, 41102.06, 40403.75, 40743.29, 40525.6, 38205.18, 39211.37, 38734.86, 37899.02, 36661.14, 35033.16, 34521.39, 34664.97, 34323.44, 36178.0, 36859.47, 38813.83, 39421.61, 39570.0, 39104.54, 38904.77, 38476.62, 39291.89, 40250.94, 39834.71, 40587.42, 41977.77, 42027.91, 43391.86, 42284.11, 41518.29, 41141.28, 40304.49, 39553.95, 39332.07, 38471.16, 37327.73, 36766.55, 36903.56, 35516.31]"
da,3500,speaker_1,0.17721518987341772,0.1037037037037037,0.7037293314933777,"[414.75, 276.34, 108.2, 124.61, 77.49, 131.81, 352.66, 247.79, 241.13, 77.47, 300.79, 93.64, 236.9, 96.79, 138.93, 282.05, 257.28, 251.48, 157.3, 168.58, 162.35, 145.43, 140.53, 322.82, 138.43, 297.08, 284.35, 330.62, 134.99, 197.62, 179.48, 292.32, 137.75, 301.67, 165.29, 135.61, 310.79, 169.22, 161.88, 172.18, 166.83, 180.67, 150.14, 147.58, 172.31, 206.16, 777.65, 280.21]","[503.46, 805.05, 779.79, 649.17, 731.79, 719.3, 781.53, 923.75, 699.76, 578.67, 598.09, 545.92, 519.16, 607.79, 522.43, 521.42, 614.38, 660.13, 740.77, 582.12, 573.88, 489.35, 512.23, 521.25, 416.74, 686.1, 885.94, 806.91, 702.3, 662.44, 684.41, 481.75, 549.0, 611.67, 504.29, 529.08, 590.09, 543.65, 591.8, 651.22, 636.49, 613.06, 641.31, 683.48, 709.61, 770.21, 1050.51, 804.83]","[5467.35, 3051.51, 2798.19, 1475.7, 3811.2, 833.1, 7333.76, 2601.21, 2138.48, 1799.45, 1698.66, 1310.35, 1534.24, 2478.43, 1160.57, 2248.59, 2468.23, 2672.04, 2968.87, 1121.39, 1770.85, 1589.06, 1946.12, 1172.8, 1571.32, 2880.76, 2477.63, 2437.78, 2017.76, 2856.42, 952.79, 903.84, 2797.99, 1456.47, 981.69, 2565.38, 977.95, 1148.68, 1505.17, 2747.3, 2159.03, 2846.77, 2738.11, 3369.42, 2493.87, 2713.8, 3653.92, 1293.71]","[39429.87, 39800.71, 39886.9, 38874.31, 39975.05, 38111.8, 42112.46, 41798.86, 41238.23, 40340.37, 39125.78, 37738.36, 35758.67, 35732.03, 34188.33, 33138.71, 32109.4, 31472.32, 31152.8, 28742.12, 27793.01, 26903.81, 25779.4, 23428.46, 22114.08, 21682.23, 21279.68, 20424.61, 19747.8, 20113.05, 17385.59, 15614.13, 15950.12, 14311.22, 12601.18, 12504.62, 10798.91, 9252.68, 8097.85, 8367.88, 7819.74, 7374.15, 7449.19, 8375.31, 8181.22, 8428.14, 8352.56, 7949.7]"
da,3500,speaker_2,0.08178438661710037,0.0639269406392694,0.7883407473564148,"[391.91, 280.49, 110.69, 95.75, 297.51, 102.58, 247.73, 270.15, 84.91, 237.03, 146.16, 309.38, 365.0, 112.97, 139.49, 301.51, 309.25, 204.43, 303.63, 127.54, 156.13, 312.0, 142.23, 311.26, 126.65, 840.18, 1445.75, 141.75, 420.15, 552.99, 160.44, 384.41, 142.49, 404.99, 163.85, 166.53, 885.44, 220.77, 162.75, 445.43, 1056.55, 806.3, 145.87, 304.95]","[526.21, 674.25, 639.0, 750.32, 801.48, 793.17, 707.1, 644.7, 653.86, 707.48, 697.96, 556.8, 861.17, 910.5, 717.28, 643.49, 682.68, 797.67, 715.25, 827.93, 852.81, 769.9, 921.2, 614.49, 742.88, 657.74, 908.43, 642.88, 630.05, 668.26, 731.68, 700.97, 590.14, 635.7, 677.98, 691.44, 738.98, 792.4, 837.28, 716.05, 781.9, 884.96, 668.88, 660.75]","[6575.11, 3247.99, 3674.39, 3864.91, 2907.03, 2475.65, 2015.1, 1961.47, 2458.27, 2885.87, 2592.46, 1033.12, 8701.07, 3918.6, 2975.38, 2876.35, 2937.67, 2967.93, 2177.11, 3938.36, 3042.02, 2749.32, 2002.87, 7983.72, 4903.59, 3295.15, 2845.29, 3868.43, 2689.72, 2025.15, 2086.85, 2432.61, 3828.28, 1832.73, 2268.63, 2474.88, 2519.81, 3355.89, 2715.44, 3693.64, 2084.22, 4546.57, 1991.09, 438.87]","[40249.42, 40781.13, 41956.27, 43106.07, 42672.65, 42442.04, 41556.94, 40844.14, 40808.9, 40796.51, 40477.11, 37957.84, 43972.43, 45405.0, 45714.96, 45696.56, 45350.67, 44804.82, 43454.02, 44714.53, 42606.6, 42271.77, 41650.57, 46376.33, 48841.44, 49284.76, 48872.99, 50310.92, 49947.15, 49322.08, 48974.27, 48154.14, 49544.82, 48336.22, 48165.56, 47593.97, 46875.87, 47590.9, 47876.32, 48737.4, 47561.49, 48433.97, 47790.67, 47017.21]"
da,3500,speaker_3,0.19093851132686085,0.12470023980815348,0.7071420550346375,"[371.36, 262.26, 258.25, 285.98, 244.13, 272.19, 272.08, 344.37, 261.77, 253.65, 84.97, 95.12, 300.25, 94.42, 142.47, 197.94, 259.73, 267.02, 301.38, 180.58, 318.48, 276.87, 124.89, 175.7, 242.43, 168.8, 137.14, 136.91, 155.62, 884.21, 134.49, 175.92, 363.63, 181.12, 361.02, 192.74, 180.64, 337.99, 147.94, 181.97, 197.97, 194.01, 277.9, 164.59, 127.93, 383.76, 1040.1, 130.07, 241.32, 1159.66, 325.04, 219.87, 1132.27, 154.69, 182.66, 531.99, 312.72]","[643.16, 697.36, 637.91, 643.84, 663.74, 671.89, 618.7, 650.87, 695.27, 673.59, 741.88, 626.71, 681.11, 728.71, 677.09, 503.82, 601.89, 817.73, 766.37, 575.09, 730.99, 788.19, 632.14, 612.05, 664.88, 655.43, 500.74, 573.79, 542.01, 544.08, 631.03, 563.24, 598.11, 582.64, 721.91, 742.41, 582.35, 609.45, 663.29, 561.58, 735.2, 650.36, 582.59, 709.67, 541.41, 703.45, 734.07, 605.87, 552.58, 464.4, 624.41, 534.81, 664.53, 628.94, 681.0, 772.96, 745.04]","[6012.99, 2299.01, 3647.13, 2599.74, 2519.53, 1616.9, 967.0, 4715.39, 4061.51, 2407.48, 3292.85, 2329.88, 2751.99, 2370.28, 2849.92, 2073.3, 3509.5, 2964.29, 1490.32, 1094.57, 3666.64, 2681.61, 2493.85, 582.21, 3999.13, 1729.58, 1778.79, 2135.59, 1608.58, 1648.73, 2241.47, 1128.02, 3006.24, 541.36, 3457.84, 2046.38, 2253.54, 2747.08, 3264.68, 2567.42, 3100.9, 2473.41, 2173.69, 3332.43, 2379.32, 3817.97, 1682.68, 2922.72, 1608.56, 1869.74, 2440.53, 416.8, 2264.22, 2787.83, 2386.76, 3281.67, 538.02]","[40782.43, 40422.38, 41414.5, 40954.9, 40617.73, 39796.69, 37911.72, 39980.61, 40798.48, 40356.77, 40793.73, 40676.72, 40176.76, 40110.03, 40314.64, 39346.44, 39602.79, 39518.93, 38369.81, 37032.29, 38054.78, 38101.43, 37752.52, 35887.5, 37043.91, 36328.68, 35469.61, 34562.94, 33735.6, 31725.2, 28270.16, 26762.26, 26923.71, 24826.96, 25235.82, 24830.66, 24436.38, 23732.53, 23950.96, 24081.37, 24550.36, 24584.25, 24115.19, 24814.25, 24742.91, 25509.07, 24551.62, 24821.67, 24005.96, 23239.57, 23037.69, 21019.04, 20455.06, 20601.81, 20352.86, 20594.33, 19109.02]"
da,3500,speaker_4,0.10843373493975904,0.09387296233839236,0.7255372405052185,"[391.07, 287.07, 76.89, 84.4, 142.1, 257.64, 280.72, 81.86, 251.23, 111.56, 315.13, 81.24, 108.87, 304.23, 189.98, 209.43, 321.29, 158.84, 811.89, 929.82, 197.77, 870.85, 1078.94, 308.74, 538.41, 790.04, 853.94, 844.75, 179.82, 741.66, 954.63, 962.12, 515.33, 130.97, 153.49, 855.5, 141.21, 130.51, 531.46, 736.85, 828.19, 142.34, 1091.61, 228.34, 190.57, 242.51, 415.82, 555.7, 153.95, 360.06, 194.39, 204.64, 141.08, 999.62, 150.89, 763.6, 180.44, 1187.27, 124.46, 631.33]","[578.53, 587.22, 737.76, 831.99, 624.34, 629.43, 554.09, 557.87, 733.01, 655.03, 696.98, 682.9, 623.0, 630.28, 728.67, 736.41, 696.4, 652.32, 951.09, 960.81, 809.93, 792.55, 799.0, 652.04, 752.87, 710.7, 698.39, 741.11, 648.08, 826.77, 623.35, 914.32, 801.63, 557.94, 647.81, 561.7, 579.52, 671.72, 809.09, 578.72, 766.65, 748.94, 751.79, 787.9, 716.42, 730.03, 759.73, 621.91, 597.6, 517.51, 572.09, 671.27, 674.18, 893.66, 697.05, 830.01, 737.72, 826.18, 736.91, 683.35]","[15959.17, 2480.15, 4675.23, 2861.44, 2444.24, 3037.99, 1504.94, 3148.14, 4270.2, 1253.59, 3514.34, 2615.17, 1715.89, 4148.91, 3660.89, 3330.12, 2114.7, 3115.15, 2907.48, 4438.66, 3828.49, 1382.75, 3520.54, 2452.0, 2753.1, 2747.66, 3033.69, 2891.68, 2629.94, 2370.65, 2586.63, 1995.13, 1942.91, 3004.22, 1918.36, 2282.64, 3697.99, 1701.43, 4760.85, 3012.9, 3409.78, 3086.83, 3698.81, 4624.27, 1501.97, 4552.68, 2099.46, 2925.96, 2379.69, 1857.55, 1807.11, 1899.09, 2585.94, 2395.48, 1630.97, 2878.28, 1391.72, 1800.94, 2382.97, 1362.74]","[50203.85, 50037.93, 52077.58, 52492.42, 52300.35, 52499.17, 51360.05, 52068.37, 52671.6, 51280.69, 52350.71, 52314.31, 51587.6, 52679.38, 53890.15, 54576.27, 53638.49, 53918.69, 54393.7, 55575.49, 56972.03, 55097.95, 55970.64, 55783.55, 55891.45, 55993.65, 56181.59, 56233.37, 56225.09, 55949.43, 55695.47, 54455.08, 53761.56, 54325.66, 53611.17, 52435.6, 53099.08, 52358.12, 53469.68, 53430.05, 53980.86, 54223.35, 55281.38, 56883.95, 55742.53, 57858.51, 57324.13, 57599.12, 57535.65, 56147.77, 55520.52, 54579.41, 54321.24, 54076.87, 53268.87, 53497.53, 52250.05, 51005.45, 50337.84, 51089.29]"
da,3500,speaker_5,0.14492753623188406,0.10966340933767643,0.7609131336212158,"[458.09, 246.73, 293.97, 288.43, 125.54, 81.5, 250.71, 105.05, 79.68, 89.59, 154.5, 322.59, 236.52, 77.32, 142.01, 183.09, 158.5, 133.87, 133.26, 248.91, 243.07, 282.24, 205.68, 171.08, 274.13, 275.77, 133.73, 126.88, 165.18, 331.01, 186.64, 208.4, 392.71, 315.5, 295.82, 444.5, 344.22, 279.37, 137.38, 145.89, 425.68, 772.57, 502.09, 144.48, 691.23, 192.82, 911.58, 136.98, 437.49, 297.07, 165.12, 136.55, 874.08, 152.8, 201.55, 453.99, 857.71, 165.34, 562.71, 787.23, 187.2, 663.53, 164.36, 158.19, 182.73, 786.34, 338.91, 169.35, 134.96, 77.44]","[483.94, 514.5, 609.53, 659.11, 677.38, 612.88, 708.02, 707.06, 640.2, 688.95, 559.58, 640.56, 622.74, 480.54, 507.8, 558.04, 566.85, 701.32, 546.44, 561.44, 701.6, 697.44, 630.03, 565.59, 580.48, 585.43, 585.61, 694.89, 574.34, 723.52, 743.31, 506.22, 694.3, 801.62, 641.12, 736.43, 878.39, 584.77, 495.37, 725.63, 742.42, 668.64, 725.34, 613.77, 774.89, 603.31, 921.88, 812.7, 708.01, 666.72, 648.54, 580.41, 640.79, 749.46, 783.31, 764.41, 741.02, 728.97, 587.06, 566.97, 714.37, 606.48, 535.09, 651.23, 691.82, 650.4, 879.3, 772.7, 479.96, 537.76]","[3587.19, 5788.15, 2022.07, 2635.84, 2184.36, 1877.35, 5723.15, 1998.61, 3001.1, 2514.17, 1066.52, 6567.54, 1920.24, 1169.01, 2543.95, 1445.18, 2568.96, 2717.89, 2224.59, 1979.92, 2680.59, 1711.41, 3817.69, 1923.94, 1901.04, 1558.5, 1815.48, 2252.39, 1169.95, 3882.55, 2759.75, 1884.43, 3937.26, 1837.38, 1376.19, 3169.59, 2453.28, 2290.56, 1654.38, 2071.15, 1826.61, 2247.19, 2403.39, 1744.73, 2057.02, 513.44, 4739.25, 3254.35, 2238.27, 2526.91, 2404.27, 1376.2, 2855.96, 3308.99, 3033.34, 1875.74, 1129.48, 1481.57, 1527.13, 2564.06, 2014.89, 1180.24, 2576.39, 3569.35, 3109.55, 1457.35, 13196.45, 1003.27, 378.67, 748.44]","[37496.62, 40633.76, 39591.14, 39162.8, 38695.7, 38132.03, 41002.2, 40356.86, 40719.56, 40788.86, 39205.75, 42305.97, 41582.11, 40099.44, 40201.88, 39007.66, 39143.57, 39225.04, 38402.33, 37747.45, 37177.48, 36250.42, 37223.61, 36498.06, 35763.79, 34674.52, 33849.86, 33461.81, 32191.3, 33433.7, 33355.0, 32597.53, 33289.41, 32076.83, 30617.82, 31143.01, 30752.6, 30196.3, 29208.69, 28845.79, 27425.93, 27232.58, 26999.0, 26107.31, 25723.44, 23600.11, 25707.54, 26526.84, 25722.68, 25387.78, 25158.71, 24102.34, 23697.86, 24372.29, 24972.99, 23592.76, 22282.03, 21129.55, 20004.58, 19113.59, 18292.57, 16432.89, 16563.43, 17496.41, 17547.09, 15540.81, 25690.69, 24048.54, 21778.86, 22324.86]"
da,3500,speaker_6,0.12433862433862433,0.10071574642126789,0.79542475938797,"[393.41, 247.34, 78.78, 119.6, 234.95, 270.27, 123.76, 103.06, 316.77, 78.87, 288.31, 85.65, 236.63, 292.31, 261.84, 348.96, 139.19, 275.31, 140.38, 117.33, 155.17, 135.95, 289.57, 176.26, 178.47, 151.73, 137.79, 154.69, 153.22, 286.42, 176.32, 164.96, 168.13, 151.31, 177.25, 159.64, 476.59, 130.26, 284.06, 165.39, 173.69, 169.48, 135.36, 182.35, 134.8, 325.02, 138.18, 320.12, 137.7, 193.39, 377.45, 640.99, 211.21, 150.7, 170.72, 150.36, 769.15, 138.86, 169.66, 279.26, 199.13, 153.13, 198.07, 171.82, 276.66, 216.31, 289.15, 307.1]","[577.88, 761.63, 690.66, 551.13, 562.14, 597.15, 666.53, 705.55, 645.55, 645.78, 468.35, 463.45, 646.58, 657.97, 762.16, 603.76, 682.15, 792.51, 607.37, 622.79, 582.79, 664.12, 699.85, 611.64, 632.78, 544.28, 549.57, 677.31, 700.19, 667.29, 662.26, 665.01, 682.11, 680.71, 648.82, 743.81, 702.04, 598.44, 592.26, 606.35, 583.03, 465.04, 448.48, 611.73, 716.24, 584.09, 455.07, 616.61, 500.78, 578.1, 602.79, 868.88, 765.53, 792.25, 815.26, 729.29, 687.15, 835.72, 887.55, 914.15, 784.43, 789.54, 675.98, 646.71, 760.6, 662.68, 745.39, 708.65]","[5883.06, 2165.25, 1732.4, 1441.49, 2166.88, 1721.52, 4963.7, 1860.34, 4648.39, 2218.61, 1383.55, 1495.99, 2425.12, 1828.73, 2448.34, 1478.47, 2697.5, 2187.7, 3336.48, 2131.69, 1632.11, 2034.02, 2278.59, 1631.55, 2149.51, 1752.42, 2401.3, 3626.82, 2507.22, 1381.38, 1579.91, 2381.66, 3558.24, 2026.66, 1968.91, 2932.29, 1377.37, 1994.48, 3167.29, 2259.11, 2093.22, 1195.5, 1847.29, 2453.25, 2961.1, 1677.54, 2783.55, 1596.83, 1618.04, 2322.12, 1344.79, 3556.04, 2546.75, 3920.13, 2025.71, 3260.59, 2801.56, 2533.03, 3125.02, 3227.58, 2176.32, 1843.61, 2587.07, 1700.1, 1568.99, 2392.25, 1762.16, 1634.7]","[40119.09, 39836.29, 38916.22, 37701.09, 37228.68, 36296.58, 38619.15, 38028.43, 39197.57, 38965.82, 37503.09, 36551.39, 36119.0, 34686.06, 34276.86, 32896.45, 32950.39, 32275.58, 32958.68, 32643.78, 31621.28, 31012.79, 30233.82, 29211.41, 28910.13, 27812.46, 27562.11, 28748.64, 28629.26, 26749.36, 25887.86, 25622.02, 26540.23, 26114.78, 25435.94, 25722.42, 23640.43, 22987.96, 22910.33, 22527.61, 21771.89, 20334.94, 19744.95, 19139.74, 19259.66, 18292.9, 18432.67, 16768.5, 15739.2, 15022.2, 13338.95, 13650.25, 13137.53, 14415.21, 14001.52, 14428.39, 14382.93, 14269.88, 14736.55, 14718.33, 14259.81, 13466.07, 13206.08, 12266.87, 11404.77, 11151.27, 10278.11, 11501.71]"
da,3500,speaker_7,0.16554054054054054,0.11821471652593486,0.7451867461204529,"[483.74, 281.1, 248.37, 108.96, 115.85, 114.33, 91.46, 127.54, 112.39, 272.25, 77.9, 251.28, 94.16, 281.55, 158.67, 269.02, 269.31, 252.64, 152.44, 129.76, 217.1, 281.56, 258.33, 298.38, 173.85, 150.4, 148.79, 150.51, 326.11, 137.53, 187.86, 385.93, 168.81, 147.48, 173.93, 141.4, 171.29, 169.19, 576.5, 125.78, 622.13, 148.32, 154.79, 179.26, 134.9, 396.54, 142.66, 169.52, 313.09]","[513.04, 765.61, 858.66, 745.58, 621.34, 631.96, 676.2, 680.91, 627.85, 997.93, 1194.83, 983.98, 886.08, 719.29, 798.75, 712.01, 727.06, 697.63, 689.91, 667.2, 723.72, 886.25, 725.72, 556.31, 479.77, 634.83, 743.59, 885.11, 836.12, 699.04, 773.55, 748.54, 638.47, 657.36, 758.19, 733.16, 714.44, 704.92, 658.92, 565.81, 581.0, 617.43, 689.41, 639.26, 477.43, 498.88, 759.75, 903.01, 873.98]","[6169.87, 2968.12, 4562.63, 2152.68, 2583.25, 1708.99, 3786.09, 1374.41, 3068.43, 5769.62, 3576.66, 3914.73, 2628.31, 1592.76, 2403.35, 3207.11, 3787.15, 2938.39, 2678.79, 2090.47, 2617.86, 2921.74, 2284.3, 1925.94, 1337.54, 3166.52, 3574.11, 3513.63, 2151.72, 1938.84, 2850.8, 2484.41, 3182.78, 3202.13, 3029.1, 2770.02, 2054.98, 1909.72, 1770.89, 1683.53, 2359.55, 2440.64, 2991.93, 2089.55, 2149.12, 1039.9, 2768.0, 2524.08, 1801.34]","[38891.6, 38805.13, 40718.45, 40211.94, 40357.94, 39416.95, 40749.15, 39467.23, 39886.43, 42381.14, 43301.86, 43958.44, 43537.41, 42478.47, 42432.04, 41985.67, 42916.51, 43000.0, 42424.49, 41861.18, 41024.47, 40897.19, 40328.16, 39194.26, 37879.42, 38000.94, 39141.34, 40004.18, 38908.03, 38214.49, 37601.53, 37233.15, 37771.45, 38530.39, 38918.71, 39040.36, 38653.08, 37906.17, 36415.65, 35659.26, 35176.36, 34976.61, 34924.97, 33348.69, 33054.35, 31054.37, 31170.8, 31257.59, 30615.71]"
da,3500,speaker_8,0.11078717201166181,0.09007551240560949,0.7980406880378723,"[367.38, 292.1, 240.9, 85.89, 89.28, 101.83, 120.34, 126.39, 316.09, 99.53, 121.53, 98.39, 89.33, 258.78, 259.36, 197.58, 307.54, 284.04, 134.14, 134.03, 157.67, 146.61, 168.76, 263.22, 280.26, 321.66, 181.18, 316.29, 140.85, 301.26, 153.98, 145.85, 331.93, 294.8, 143.32, 350.02, 156.08, 140.95, 166.71, 180.44, 313.21, 141.96, 144.85, 179.16, 188.16, 168.66, 130.58, 301.54, 137.22, 199.87, 811.73, 134.57, 417.24, 143.51, 419.22, 365.42, 142.25, 714.23]","[437.23, 567.8, 749.12, 796.94, 815.38, 817.34, 724.0, 623.84, 633.42, 667.6, 649.35, 598.03, 567.15, 548.18, 671.48, 645.87, 729.06, 806.24, 664.62, 609.21, 660.06, 648.69, 708.08, 859.79, 699.66, 895.83, 942.59, 641.26, 618.92, 740.41, 666.98, 584.63, 729.1, 636.22, 561.9, 490.16, 557.38, 512.16, 693.03, 667.44, 672.98, 603.2, 641.26, 720.43, 606.52, 473.49, 638.04, 751.32, 507.97, 595.97, 858.4, 736.05, 623.47, 569.08, 713.84, 663.4, 550.29, 613.68]","[2337.16, 2461.33, 7071.06, 2334.57, 3470.04, 2688.39, 2344.3, 2068.72, 3230.06, 2669.07, 1890.72, 2032.75, 1519.05, 1246.02, 2497.05, 1116.69, 5029.28, 2298.06, 2172.86, 1944.81, 1841.31, 2066.82, 2856.08, 3090.65, 514.99, 4932.96, 2575.26, 2047.77, 3015.2, 1713.34, 1606.23, 1458.68, 2126.35, 1981.62, 1666.54, 2070.53, 3040.61, 1445.98, 2243.17, 3056.47, 2067.53, 2135.42, 1726.34, 2662.46, 2419.51, 1241.05, 3269.67, 2129.69, 2101.34, 2311.77, 3223.84, 3272.77, 2244.56, 1042.21, 2518.82, 1866.4, 2029.97, 1325.02]","[34790.49, 34201.64, 38823.59, 38497.66, 39303.27, 39545.92, 39238.14, 38859.59, 38405.56, 38416.76, 37855.34, 37229.83, 36304.23, 34481.03, 34323.58, 32792.36, 35374.95, 34630.13, 34164.25, 33675.7, 32875.95, 32298.63, 32720.4, 32971.3, 30837.65, 33129.56, 33258.87, 31855.37, 32440.77, 30476.93, 29232.38, 27630.95, 26514.14, 25655.06, 24680.16, 24110.08, 24095.03, 22892.8, 22692.61, 23107.84, 22150.81, 21650.66, 20930.92, 20947.6, 20726.25, 19525.52, 20145.64, 19424.17, 19084.52, 18740.24, 18705.62, 19129.96, 18532.1, 17134.22, 16403.82, 15420.47, 14398.12, 13485.8]"
da,3500,speaker_9,0.1211340206185567,0.10110206037374221,0.7590234875679016,"[428.71, 285.98, 102.26, 99.24, 77.97, 96.33, 79.03, 99.96, 246.29, 243.97, 83.48, 256.79, 235.66, 273.36, 140.48, 158.07, 138.47, 265.7, 142.59, 151.48, 124.75, 150.91, 136.65, 271.53, 181.25, 152.04, 134.1, 160.24, 133.99, 187.57, 157.69, 189.76, 148.2, 132.37, 138.8, 194.67, 161.66, 152.6, 304.23, 135.72, 263.88, 172.02, 173.86, 178.09, 195.17, 370.87, 358.25, 142.07, 185.59, 310.29, 171.12, 191.0, 271.87, 192.13, 834.28, 137.21, 198.33, 164.24, 316.38, 155.97, 119.54, 153.48, 169.57, 519.82, 180.75, 335.86, 162.49, 181.18, 200.61, 296.83, 700.54, 152.98, 127.18, 342.57]","[475.87, 640.72, 548.68, 622.36, 657.65, 636.03, 672.11, 583.92, 657.08, 727.78, 705.31, 741.8, 656.63, 683.35, 661.8, 617.72, 691.02, 646.6, 610.18, 654.21, 594.36, 656.96, 539.83, 622.66, 756.37, 691.94, 576.01, 687.33, 729.8, 632.21, 547.32, 583.21, 598.9, 461.2, 411.62, 570.81, 708.81, 802.44, 611.95, 561.52, 570.43, 555.73, 446.64, 555.53, 631.69, 739.08, 809.62, 702.79, 606.71, 668.85, 677.12, 599.87, 675.35, 763.72, 691.98, 570.51, 626.18, 662.81, 725.91, 612.83, 611.42, 666.07, 538.32, 544.77, 617.43, 558.59, 639.04, 650.72, 612.45, 614.55, 706.3, 784.59, 702.08, 552.28]","[4307.19, 3016.53, 1441.05, 4853.07, 1997.12, 2213.36, 2123.17, 1684.46, 2044.43, 2060.5, 2475.36, 2923.79, 1761.1, 2224.32, 2158.46, 2387.22, 1250.17, 2272.92, 1452.71, 4770.39, 1511.68, 2582.89, 1740.67, 1872.51, 2001.49, 2728.05, 1466.68, 2626.75, 2954.57, 1473.39, 1797.79, 2265.89, 1227.91, 2141.56, 1543.89, 2801.53, 1848.72, 3303.1, 1993.45, 1409.29, 1635.84, 1022.46, 1435.88, 1612.84, 1715.84, 5312.54, 2737.12, 2748.46, 1683.94, 4955.83, 2513.6, 2321.32, 2334.99, 2026.15, 1571.86, 1938.1, 1688.0, 1889.86, 1817.85, 1209.23, 1507.72, 3394.1, 1005.56, 2372.62, 1428.99, 1552.31, 2027.98, 1823.97, 2765.52, 1584.48, 2214.31, 4198.51, 1810.69, 528.84]","[36528.74, 37129.22, 35914.83, 38325.18, 37673.78, 37238.63, 36919.53, 35951.49, 34731.21, 33326.93, 33150.38, 33006.73, 32112.77, 31686.39, 31194.58, 31130.1, 29530.07, 29156.34, 26956.7, 29291.21, 28168.62, 28096.6, 27395.54, 26214.19, 25587.8, 22623.18, 21454.76, 21643.69, 21944.43, 20968.5, 20124.41, 19710.33, 18454.11, 17925.86, 16803.55, 17137.72, 16305.67, 16952.72, 15451.06, 14189.71, 12509.3, 10652.77, 9419.79, 8350.12, 7577.47, 9600.48, 9462.64, 9528.85, 8503.56, 10570.92, 9992.71, 8602.98, 8042.33, 7609.43, 6309.16, 5166.86, 4382.24, 3179.33, 2862.41, 1978.4, 2239.6, 4214.29, 2735.44, 3438.65, 2228.56, 2448.46, 2830.24, 2656.4, 3579.46, 2496.41, 3621.82, 5141.71, 4282.6, 4406.75]"
da,3500,speaker_10,0.14583333333333334,0.1182108626198083,0.7289490699768066,"[388.66, 263.69, 254.64, 279.26, 258.95, 270.61, 262.81, 349.57, 129.35, 104.38, 129.26, 98.94, 290.29, 154.82, 176.52, 193.22, 166.4, 208.7, 132.6, 280.78, 269.95, 162.8, 133.96, 169.78, 143.95, 143.96, 182.8, 164.15, 143.86, 188.59, 324.52, 164.04, 289.4, 162.12, 383.43, 301.74, 296.06, 187.81, 184.31, 345.75, 146.68, 191.72, 154.92, 192.24, 177.93, 143.86, 356.41, 149.13, 333.27, 200.33, 186.63, 148.27, 145.48, 445.3, 1055.55, 201.41, 146.68, 356.8]","[533.02, 719.29, 978.02, 833.22, 720.6, 670.72, 784.41, 800.45, 788.77, 895.01, 687.31, 745.21, 877.5, 794.64, 787.29, 704.51, 687.81, 829.55, 799.25, 766.73, 932.25, 787.32, 745.28, 908.5, 803.33, 813.41, 775.21, 795.07, 745.32, 583.77, 718.46, 696.8, 527.55, 555.05, 552.14, 683.7, 827.57, 801.21, 738.52, 833.5, 804.65, 580.59, 585.35, 662.45, 801.31, 939.97, 792.53, 744.36, 687.44, 644.68, 622.68, 784.91, 741.43, 647.69, 983.15, 988.26, 638.75, 487.78]","[3992.13, 3633.8, 4446.7, 2577.23, 2314.04, 2772.22, 2386.16, 2216.65, 3142.74, 3753.64, 1925.33, 2707.44, 2056.61, 2845.87, 2462.13, 3309.76, 1963.14, 2970.36, 2637.63, 5780.49, 2354.34, 2096.59, 2906.26, 4081.62, 3303.2, 2170.12, 2102.76, 2510.83, 1631.86, 1212.23, 2879.18, 2055.63, 2222.14, 1187.82, 1939.36, 3296.82, 6704.47, 3302.23, 2015.95, 4167.94, 3570.65, 2169.04, 2767.41, 2387.46, 2623.01, 2189.71, 2914.74, 2156.64, 2901.93, 2362.92, 1660.03, 3765.56, 2354.93, 1378.62, 5794.71, 2668.19, 1589.34, 1369.08]","[36730.08, 37269.22, 39252.91, 38922.01, 38127.71, 37996.02, 37275.57, 36813.25, 37453.76, 38494.03, 37919.71, 37938.26, 36661.96, 36794.5, 36806.44, 37471.63, 36579.11, 36896.0, 36902.31, 39841.25, 39354.41, 38801.17, 38860.05, 40284.28, 41151.3, 40680.61, 40147.4, 40218.93, 39209.05, 37780.67, 38221.17, 37647.14, 37222.45, 35774.1, 34858.84, 35303.25, 38744.49, 39403.59, 38781.61, 39893.17, 40824.3, 40550.43, 40686.48, 40439.77, 40629.74, 40178.07, 39856.88, 39367.69, 39224.64, 38945.54, 37342.21, 38469.81, 38372.27, 36310.58, 39461.41, 39638.7, 38587.0, 38529.93]"
da,4000,speaker_1,0.22362869198312235,0.1288888888888889,0.6516472697257996,"[441.23, 313.3, 289.12, 94.93, 117.91, 94.59, 88.5, 130.71, 104.96, 99.4, 101.72, 314.82, 145.68, 159.32, 274.25, 149.74, 300.78, 319.04, 162.84, 275.44, 290.07, 165.31, 139.62, 190.16, 162.35, 139.66, 267.31, 278.64, 281.22, 143.31, 182.3, 175.1, 138.52, 134.86, 143.94, 217.87, 187.72, 152.5, 344.06, 167.11, 169.15, 285.95]","[625.11, 943.23, 741.0, 748.36, 801.61, 680.19, 777.34, 614.18, 561.45, 637.49, 626.2, 652.09, 629.34, 527.32, 520.71, 574.15, 567.04, 561.11, 518.31, 572.1, 628.05, 546.32, 766.44, 711.39, 625.77, 788.11, 772.59, 460.48, 626.9, 708.95, 538.74, 650.48, 693.71, 631.55, 756.28, 776.22, 719.48, 695.51, 744.78, 853.27, 904.98, 719.15]","[7090.62, 4030.71, 2421.49, 4499.7, 2484.11, 2458.42, 2988.8, 2025.73, 2053.13, 2088.79, 1865.16, 2714.48, 2093.25, 1386.35, 1771.79, 2711.39, 1710.85, 1414.97, 1953.54, 2298.42, 1814.11, 1950.55, 2520.69, 1695.29, 3087.43, 2888.1, 2776.85, 1005.66, 3465.16, 1688.83, 1573.11, 2783.59, 1972.77, 2057.02, 2344.67, 2358.26, 3644.03, 2337.13, 3450.41, 3616.68, 3801.22, 1508.29]","[41214.52, 42199.93, 41368.81, 42613.39, 42042.44, 41246.58, 41180.71, 40151.92, 39154.07, 38184.3, 36787.43, 35599.77, 33822.23, 32161.19, 30477.8, 30140.01, 28188.64, 26155.91, 24673.18, 23504.5, 21456.52, 20363.39, 19830.57, 18485.32, 18530.32, 18161.14, 17689.52, 15649.36, 15049.49, 13684.51, 12218.16, 11962.09, 10677.17, 9675.47, 8978.52, 8287.22, 8889.02, 7970.59, 8173.71, 8746.2, 9504.58, 8372.67]"
da,4000,speaker_2,0.08921933085501858,0.08349641226353555,0.7769262790679932,"[407.51, 250.49, 285.94, 124.61, 119.75, 273.26, 268.16, 123.66, 144.66, 114.09, 291.51, 161.05, 157.1, 324.66, 319.41, 207.78, 155.12, 128.65, 128.84, 281.24, 170.0, 188.85, 145.88, 168.29, 139.29, 165.09, 210.09, 178.55, 326.1, 131.91, 189.24, 166.95, 299.39, 230.2, 404.33, 148.61, 141.86, 227.81, 145.53, 256.06]","[578.21, 703.79, 762.95, 759.67, 765.57, 841.83, 785.48, 783.51, 713.66, 680.68, 793.13, 796.76, 767.32, 715.61, 738.32, 744.97, 743.4, 676.93, 737.77, 911.31, 712.14, 634.34, 654.61, 604.92, 564.77, 755.97, 772.26, 712.56, 455.7, 570.39, 696.04, 724.86, 781.93, 664.62, 901.52, 927.68, 714.12, 878.75, 554.24, 605.45]","[7612.47, 2262.17, 2351.33, 3703.87, 2637.56, 2581.53, 3400.58, 3066.8, 2254.68, 2768.88, 2480.92, 2589.85, 2751.76, 3639.1, 2140.94, 2401.77, 2513.15, 2493.71, 3093.8, 2796.2, 3705.67, 2497.48, 3285.03, 1927.14, 2402.32, 3241.21, 2993.45, 2358.91, 1125.53, 2760.81, 2488.18, 5507.63, 2783.12, 1323.81, 13680.54, 2523.23, 3513.36, 4005.26, 2352.54, 498.84]","[40648.37, 39806.24, 38854.67, 39255.73, 38802.73, 37872.09, 38163.92, 38133.94, 37084.85, 36760.86, 35323.56, 34839.27, 34536.32, 34087.2, 32957.89, 32057.96, 31500.82, 30913.49, 30917.72, 30025.69, 30640.82, 30086.76, 30096.53, 28959.55, 28274.22, 28454.39, 28397.43, 27497.14, 25374.84, 24890.59, 24338.04, 26790.89, 25917.71, 23376.74, 33997.33, 33477.5, 33945.25, 34707.59, 33820.65, 33709.72]"
da,4000,speaker_3,0.19741100323624594,0.13729016786570744,0.7195169925689697,"[406.1, 272.91, 136.58, 87.94, 272.98, 268.82, 86.79, 115.86, 148.2, 252.57, 85.33, 291.74, 136.5, 303.96, 179.55, 185.43, 254.4, 299.57, 192.26, 300.32, 154.59, 158.44, 163.5, 155.97, 348.83, 168.45, 281.38, 299.19, 342.33, 145.06, 162.54, 147.56, 132.96, 340.06, 174.2, 156.44, 168.14, 161.15, 137.31, 158.57, 143.24, 334.66, 283.45, 461.25, 176.42, 155.96, 223.76, 149.42, 333.19]","[936.31, 908.51, 702.81, 736.18, 895.32, 709.7, 653.92, 757.99, 626.27, 711.46, 847.52, 791.3, 605.71, 661.05, 888.18, 873.59, 776.48, 888.99, 856.06, 566.44, 650.03, 613.71, 666.17, 603.37, 689.29, 528.06, 564.02, 670.52, 619.45, 698.83, 688.89, 660.21, 552.07, 527.53, 700.35, 714.89, 660.03, 679.22, 801.29, 896.32, 843.29, 824.96, 682.4, 593.74, 755.97, 948.26, 953.95, 718.71, 655.15]","[8308.01, 2945.25, 2380.59, 5775.56, 2934.53, 2106.26, 3156.95, 3886.2, 2032.58, 3637.79, 5211.09, 2644.36, 2164.78, 3363.25, 3743.08, 2536.71, 2039.65, 3244.79, 2970.11, 2999.45, 1863.63, 2457.1, 2339.77, 1979.42, 2495.33, 1781.53, 1932.77, 1963.0, 2238.79, 2524.84, 2803.49, 3543.31, 1752.6, 2511.31, 3066.93, 2407.47, 2379.84, 2423.26, 2840.07, 3117.47, 2830.47, 2605.31, 1880.21, 1803.73, 3594.49, 2571.48, 2128.4, 1531.24, 1357.48]","[41107.49, 41004.98, 40336.91, 43056.35, 42527.82, 41574.0, 41680.43, 42311.96, 41292.29, 41664.56, 43827.33, 43007.38, 41906.36, 41391.89, 42087.86, 41170.61, 39752.67, 38947.99, 38872.67, 38415.12, 37224.5, 35812.02, 35104.61, 33835.85, 32281.97, 31008.43, 29499.79, 27809.86, 26799.3, 25870.6, 25619.8, 25711.87, 24420.28, 22875.38, 22896.83, 22048.19, 21389.96, 20764.69, 20557.71, 20220.95, 20001.56, 18940.93, 17577.92, 16337.25, 16889.35, 16409.3, 15296.32, 13579.18, 14534.21]"
da,4000,speaker_4,0.14457831325301204,0.10118043844856661,0.7353642582893372,"[437.64, 286.88, 109.77, 89.35, 263.18, 260.46, 287.88, 313.15, 256.71, 337.72, 103.4, 345.06, 178.22, 173.41, 141.82, 166.67, 309.85, 142.82, 295.14, 166.26, 149.98, 151.33, 132.71, 358.58, 143.17, 289.07, 174.95, 139.14, 154.01, 575.24, 155.74, 291.92, 334.34, 200.65, 135.92, 174.73, 295.45, 176.9, 336.8, 217.36, 703.13, 267.55, 225.3, 168.99, 298.59, 238.41, 233.94, 154.54, 907.47, 688.84, 281.07]","[567.04, 641.08, 751.17, 938.3, 792.46, 649.28, 675.12, 678.9, 676.07, 788.31, 761.87, 765.24, 851.73, 690.89, 681.46, 769.43, 622.7, 597.67, 743.24, 686.54, 691.44, 820.57, 651.85, 667.77, 693.4, 656.35, 687.45, 695.73, 490.93, 676.36, 614.69, 657.38, 633.32, 558.19, 699.03, 758.01, 707.04, 681.14, 653.68, 764.94, 748.25, 705.42, 581.93, 599.26, 727.15, 895.42, 826.09, 756.65, 662.63, 720.86, 692.21]","[8081.55, 1997.0, 4489.52, 3033.69, 2780.03, 1838.46, 4664.61, 1784.66, 2403.76, 2694.43, 3261.25, 4729.43, 3331.37, 1695.51, 2289.61, 3204.22, 1441.56, 2838.57, 2384.26, 2502.16, 3208.64, 3030.69, 2922.54, 2337.96, 2196.75, 1551.18, 2390.42, 2247.07, 2906.09, 1868.87, 2573.97, 2998.09, 1449.31, 3326.27, 3902.79, 2700.98, 4090.4, 1372.89, 13243.89, 2755.8, 4134.85, 3048.12, 2108.78, 2593.83, 1548.82, 2566.84, 2113.59, 1822.94, 1485.07, 1389.44, 1605.6]","[42153.34, 41097.13, 42529.51, 42306.14, 41827.91, 40601.43, 41590.52, 39500.69, 38445.57, 37477.14, 37681.38, 38911.51, 39154.56, 37767.57, 36977.01, 37070.96, 35030.76, 34586.87, 33498.48, 32717.15, 32209.08, 32158.79, 31782.37, 30638.73, 29351.15, 27440.23, 26725.58, 25884.95, 25717.28, 23670.87, 23157.66, 23082.81, 21037.18, 21281.93, 22093.85, 21695.17, 22718.87, 20816.9, 31010.86, 30724.15, 31818.69, 31819.23, 30479.56, 29611.61, 27500.05, 27022.99, 26082.3, 24638.39, 22062.11, 20006.47, 21408.7]"
da,4000,speaker_5,0.1565217391304348,0.12106406080347448,0.7534496188163757,"[445.72, 267.33, 281.12, 136.69, 87.46, 256.3, 87.35, 258.76, 110.73, 97.5, 252.33, 312.56, 299.77, 134.16, 141.4, 179.96, 144.76, 179.22, 169.36, 197.69, 262.7, 135.02, 260.29, 287.31, 299.46, 196.8, 130.07, 167.62, 297.31, 132.1, 326.94, 237.99, 157.09, 154.56, 148.91, 370.39, 166.19, 186.97, 690.62, 351.05, 148.95, 490.63, 161.35, 133.82, 197.79, 147.1, 671.1, 179.15, 403.17, 820.45, 191.48, 746.43, 798.62, 175.7, 258.33, 865.52, 168.65, 863.41]","[643.24, 769.84, 781.88, 684.21, 629.17, 875.83, 727.56, 644.13, 604.3, 604.24, 659.62, 554.34, 651.93, 661.53, 664.4, 574.31, 612.79, 719.83, 738.57, 556.04, 583.28, 666.88, 749.02, 691.75, 689.17, 799.24, 707.21, 782.37, 753.31, 716.03, 699.78, 646.47, 578.14, 982.88, 793.74, 710.14, 682.65, 711.82, 721.82, 854.8, 686.87, 670.11, 839.11, 648.43, 664.67, 694.43, 599.17, 747.77, 684.99, 721.4, 689.24, 726.21, 609.64, 716.52, 840.8, 757.04, 622.71, 525.78]","[4692.1, 5853.66, 2415.21, 2588.33, 1958.54, 7084.41, 2715.38, 2990.82, 1738.81, 3665.89, 1972.7, 2007.84, 2297.42, 2529.85, 1532.6, 2439.85, 2256.12, 2231.81, 3433.54, 1017.84, 2136.43, 1642.89, 3488.0, 1530.14, 3505.57, 3955.6, 2610.26, 3340.86, 1917.41, 2508.38, 2106.61, 2703.58, 1867.41, 2033.57, 1635.28, 2928.18, 2722.6, 3146.85, 2787.29, 3610.82, 2159.34, 3594.06, 2000.92, 2351.49, 3280.74, 2511.71, 1640.75, 2467.29, 2285.15, 1745.39, 3460.85, 1742.31, 1240.17, 3546.41, 3027.13, 3059.66, 2288.46, 2156.64]","[38542.91, 41361.56, 40306.68, 39831.88, 38735.28, 42151.46, 41811.41, 40945.15, 39620.6, 39422.83, 37940.74, 36486.39, 35104.41, 34578.76, 33066.67, 32458.31, 31669.19, 30646.18, 31040.34, 29001.36, 27892.63, 26495.79, 26326.75, 24198.36, 23828.45, 24732.25, 24087.5, 24380.78, 23052.75, 22514.75, 21370.24, 20625.39, 19452.32, 18236.89, 16634.27, 16512.28, 15976.63, 16084.55, 14791.45, 14552.0, 13670.51, 14013.42, 12550.83, 11859.65, 11689.66, 11147.64, 9532.01, 8958.29, 7991.05, 6280.28, 6690.61, 4969.44, 2965.54, 4439.09, 4415.12, 4684.39, 3915.88, 3561.91]"
da,4000,speaker_6,0.15608465608465608,0.12269938650306748,0.7866056561470032,"[424.02, 259.61, 277.81, 289.59, 270.3, 278.08, 311.73, 272.38, 298.2, 121.57, 122.53, 302.48, 299.54, 137.75, 277.21, 207.44, 176.21, 160.56, 166.7, 283.48, 296.09, 150.21, 162.45, 164.0, 147.76, 389.15, 181.69, 270.16, 169.67, 480.82, 143.2, 364.05, 209.75, 156.07, 177.16, 207.04, 150.07, 602.27, 742.83, 356.73, 193.73, 255.07, 442.17, 822.45, 320.51, 685.17, 887.32, 318.07, 198.74, 148.16, 181.48, 197.04, 461.86, 213.37, 738.17, 352.41]","[591.27, 813.61, 751.09, 744.43, 732.41, 836.76, 836.69, 746.99, 622.93, 611.93, 575.17, 609.29, 631.78, 627.03, 719.71, 711.97, 631.27, 679.12, 687.27, 617.28, 605.73, 710.88, 607.44, 637.92, 695.42, 725.79, 780.21, 995.72, 1060.9, 692.48, 553.68, 601.25, 671.85, 532.55, 548.03, 670.86, 656.98, 646.33, 661.26, 619.31, 473.99, 565.47, 773.63, 793.0, 812.21, 830.81, 791.03, 932.69, 1023.72, 1091.86, 985.17, 818.3, 719.61, 896.82, 963.15, 720.94]","[6267.71, 2036.09, 4178.7, 2675.56, 4807.25, 2725.71, 4135.75, 3100.86, 1584.1, 30631.43, 2137.76, 3414.07, 832.56, 2855.75, 3876.12, 1978.58, 1693.65, 2799.94, 2975.16, 2238.7, 3448.84, 3125.38, 3155.75, 2880.63, 3280.32, 2683.33, 3762.91, 4602.18, 6540.71, 3195.1, 2429.45, 2846.16, 3093.44, 2296.63, 1749.76, 2984.49, 2069.49, 2338.05, 2499.88, 2851.1, 2273.19, 1758.94, 3197.39, 1711.62, 2403.15, 3945.82, 2895.94, 4690.01, 2225.6, 2994.71, 4200.6, 2112.69, 3865.28, 3074.75, 2228.91, 1546.95]","[40173.66, 38275.38, 38724.7, 37685.01, 38989.38, 38599.87, 39035.73, 38832.34, 36916.61, 64449.71, 63479.36, 62955.49, 60711.62, 60498.9, 60679.1, 59590.99, 58213.1, 57330.05, 57227.42, 56187.7, 55742.84, 55778.91, 55845.98, 55433.81, 55638.53, 54180.88, 54637.83, 55724.08, 58968.71, 58308.35, 57496.16, 56485.33, 55726.02, 54985.16, 53679.32, 53421.16, 52039.79, 51335.78, 50175.95, 49784.77, 49011.02, 47534.39, 47486.51, 46161.67, 45517.95, 46211.11, 45436.59, 46684.92, 45244.71, 45193.73, 46340.55, 45412.42, 46027.04, 45841.89, 44004.79, 44940.62]"
da,4000,speaker_7,0.13175675675675674,0.08926417370325694,0.7731536030769348,"[435.35, 276.66, 303.89, 119.94, 313.26, 96.55, 152.98, 165.18, 106.87, 292.41, 248.91, 262.59, 217.55, 191.8, 157.43, 205.44, 271.08, 282.37, 174.16, 276.31, 163.98, 169.85, 147.25, 180.81, 156.12, 149.14, 352.33, 184.74, 139.54, 151.76, 137.21, 180.54, 163.58, 193.32, 305.38, 196.65, 167.85, 144.39, 177.66, 283.43, 293.02, 147.87, 272.59]","[626.48, 916.03, 858.99, 793.34, 792.53, 819.99, 871.97, 983.36, 1092.65, 1047.72, 1016.37, 685.76, 690.87, 742.54, 679.93, 699.61, 660.45, 687.28, 798.88, 803.44, 588.92, 621.62, 733.75, 780.94, 804.72, 790.75, 834.36, 765.86, 659.95, 751.31, 877.54, 739.56, 648.18, 750.55, 766.73, 756.2, 741.87, 607.26, 542.54, 635.33, 638.93, 769.0, 742.8]","[7768.57, 4784.23, 2604.62, 3061.1, 2270.92, 4873.55, 3277.69, 7958.39, 3287.37, 4487.3, 2547.79, 1707.0, 2805.86, 2760.51, 3136.47, 2736.12, 3069.5, 2551.43, 2296.45, 2515.71, 2017.7, 2144.21, 4475.51, 2867.07, 2577.31, 2321.99, 2024.38, 2544.23, 2209.21, 4040.27, 4021.55, 2699.37, 2347.54, 2866.35, 1852.26, 2630.09, 1752.29, 1772.24, 2632.18, 2513.7, 1858.71, 3405.86, 2515.12]","[41890.36, 43615.73, 42759.64, 42759.47, 41573.26, 43391.77, 43613.79, 48311.43, 48346.24, 48967.33, 48050.69, 46505.52, 46255.2, 45970.24, 46057.19, 45737.97, 44952.68, 43442.04, 42702.06, 41560.61, 40329.87, 39427.45, 40849.96, 40671.16, 40200.27, 39275.73, 37437.9, 36932.38, 36087.95, 37076.82, 38052.94, 37490.94, 36783.76, 36603.48, 34593.7, 34175.06, 32885.27, 31610.13, 31192.9, 30462.41, 29291.45, 29429.09, 29919.82]"
da,4000,speaker_8,0.12244897959183673,0.09546925566343042,0.7644144296646118,"[425.94, 281.48, 302.9, 271.22, 284.57, 90.28, 326.64, 91.11, 266.29, 134.21, 144.62, 165.29, 193.22, 271.94, 186.98, 211.18, 309.36, 171.41, 159.5, 173.43, 160.12, 257.69, 261.51, 164.47, 172.91, 156.37, 291.16, 215.38, 164.68, 158.7, 229.47, 162.37, 210.73, 187.45, 316.91, 175.67, 198.52, 816.62, 189.61, 249.05, 192.81, 229.93, 285.55, 133.09, 168.72, 155.29, 227.79, 284.37]","[741.78, 868.6, 915.45, 1031.02, 975.27, 838.49, 788.46, 748.51, 828.09, 718.47, 542.07, 568.88, 712.14, 741.14, 713.56, 686.98, 650.51, 794.59, 990.08, 869.92, 846.06, 605.58, 644.84, 763.03, 704.81, 600.79, 790.25, 888.43, 601.88, 524.49, 605.49, 762.48, 844.04, 820.69, 688.55, 748.47, 676.49, 731.71, 725.74, 580.7, 621.03, 836.75, 713.49, 601.61, 641.76, 666.95, 770.66, 562.5]","[5159.93, 5687.74, 4188.16, 6474.17, 3159.91, 2933.0, 2784.64, 3166.03, 3189.58, 2689.37, 1114.88, 2823.74, 3128.64, 2925.41, 2640.37, 2796.55, 2539.52, 3797.71, 4198.67, 2298.58, 2664.19, 2229.22, 2968.22, 3467.49, 1919.16, 2029.55, 2924.44, 2512.75, 2710.02, 2397.47, 2224.99, 2467.63, 3996.58, 2663.9, 2491.86, 3222.06, 2076.84, 3584.52, 2828.9, 2082.4, 3524.32, 3830.11, 1782.86, 1934.67, 2123.19, 2377.61, 2255.96, 1957.69]","[38289.06, 40713.01, 40846.2, 43652.31, 42954.79, 42829.35, 42132.72, 41837.16, 40962.49, 39990.91, 38055.69, 37818.53, 37705.27, 37169.92, 36759.27, 36309.34, 35585.22, 36141.37, 36686.47, 35918.5, 35335.3, 34317.49, 34236.74, 33632.54, 32301.88, 31285.15, 30961.74, 30429.69, 29889.88, 29248.69, 28418.7, 27824.88, 28771.38, 28187.06, 27021.14, 27193.36, 26224.24, 26159.83, 25938.05, 24976.01, 25249.12, 25421.73, 23969.9, 22858.78, 21939.46, 21261.99, 19444.55, 18565.64]"
da,4000,speaker_9,0.08762886597938144,0.07187350263536177,0.7633698582649231,"[417.57, 256.44, 262.43, 103.18, 124.47, 261.71, 249.36, 270.15, 86.27, 300.19, 113.89, 203.5, 347.97, 325.68, 155.27, 295.7, 294.22, 157.84, 194.39, 194.06, 187.32, 163.52, 293.92, 392.25, 212.21, 164.52, 287.91, 152.24, 167.16, 179.79, 286.61, 179.43, 195.87, 164.69, 331.44, 156.14, 183.97, 171.91, 176.48, 197.07, 182.23, 371.77, 166.22, 198.59, 152.41, 339.21, 138.5, 161.63, 336.72, 180.1, 424.97, 333.34, 198.32, 249.49, 904.07, 173.05, 133.09, 374.9, 360.18, 182.13, 358.0]","[475.17, 697.72, 663.15, 684.26, 740.76, 689.34, 697.4, 671.37, 685.52, 764.13, 688.56, 741.61, 909.49, 712.97, 712.1, 656.23, 733.3, 811.1, 723.19, 729.59, 784.64, 730.56, 727.75, 887.59, 810.02, 606.19, 659.75, 570.24, 549.4, 676.81, 879.27, 787.56, 575.95, 616.92, 555.1, 595.07, 750.45, 1061.35, 720.56, 616.41, 788.68, 804.24, 797.88, 700.07, 701.32, 534.65, 583.08, 756.28, 668.66, 674.2, 689.12, 679.77, 618.09, 474.77, 684.01, 683.94, 541.3, 655.78, 879.14, 798.59, 572.23]","[4237.56, 5194.49, 2102.65, 2511.55, 2459.64, 2409.55, 2215.18, 2121.1, 2025.5, 4185.49, 1784.07, 2022.16, 3360.35, 2274.43, 2270.11, 2191.54, 3255.66, 2543.13, 1707.42, 2255.92, 1793.14, 2965.04, 2025.67, 7242.58, 1707.38, 2473.83, 2472.85, 1843.17, 3566.54, 2551.34, 3660.36, 1509.78, 1779.19, 1769.36, 2045.26, 2070.46, 3168.16, 2123.96, 2378.62, 2983.56, 3947.05, 3163.92, 1916.87, 2564.96, 1650.98, 1544.57, 2423.95, 2788.21, 1902.06, 1944.98, 3799.37, 2367.74, 2289.77, 1739.07, 2776.04, 1675.81, 1788.53, 4084.18, 3393.45, 3928.61, 2075.52]","[37226.11, 38492.61, 37309.68, 36707.88, 36060.14, 35162.72, 34031.13, 32839.42, 31772.17, 31840.34, 30521.62, 29435.09, 28883.14, 27248.95, 26433.74, 24721.94, 24502.31, 23996.01, 21802.85, 20995.45, 18680.2, 18583.05, 17321.99, 20677.23, 19306.03, 17645.14, 16630.12, 15405.49, 15261.14, 14516.97, 14892.07, 13113.21, 11209.58, 9692.43, 8035.39, 6994.37, 7069.18, 6114.72, 5412.7, 5094.45, 5964.98, 5439.98, 4082.16, 3464.05, 2505.18, 2418.91, 3148.72, 3706.55, 2907.85, 2799.89, 4914.72, 3774.08, 3107.11, 2464.14, 4367.2, 2536.22, 2463.5, 5116.43, 4810.71, 5663.27, 5900.73]"
da,4000,speaker_10,0.125,0.07880724174653887,0.7421711087226868,"[431.81, 291.99, 134.43, 105.5, 129.63, 109.67, 114.22, 113.91, 88.45, 120.07, 262.89, 125.59, 154.84, 179.81, 161.29, 159.07, 148.59, 150.22, 175.02, 138.81, 173.03, 224.81, 158.15, 150.0, 192.22, 187.27, 156.26, 159.84, 1135.37, 369.71, 440.24, 256.12, 725.15, 1271.3, 992.56, 292.58, 950.14, 840.93, 147.74, 842.36, 952.97, 232.34, 914.19, 1211.49, 351.0, 871.35, 206.58, 425.43, 305.02, 315.89]","[601.66, 815.04, 1015.39, 800.57, 644.01, 752.74, 813.56, 775.88, 885.38, 802.15, 857.18, 782.58, 726.98, 752.8, 707.66, 842.09, 871.13, 683.49, 797.91, 812.26, 928.18, 880.7, 739.88, 721.6, 748.26, 623.81, 566.37, 856.1, 706.24, 467.37, 704.06, 832.11, 871.16, 1043.48, 1167.0, 785.19, 919.74, 1208.68, 987.56, 881.25, 1016.19, 832.48, 1031.59, 1098.54, 1099.42, 1045.61, 902.37, 943.64, 746.92, 642.53]","[3898.11, 6200.12, 4441.15, 2238.86, 2378.54, 3252.29, 2053.75, 3018.54, 3380.01, 2914.58, 2856.79, 1340.35, 2429.65, 2549.25, 2074.48, 3482.82, 3711.48, 3840.84, 2713.78, 3152.45, 7707.33, 4030.22, 2925.23, 3033.22, 2527.52, 1336.58, 2576.73, 2972.88, 1452.78, 1951.09, 3593.08, 4230.47, 5010.67, 5221.57, 2921.76, 2114.09, 7501.49, 4477.4, 3250.65, 2638.19, 3934.25, 2292.58, 4411.95, 2872.87, 2479.44, 3284.14, 2807.57, 3031.47, 2434.33, 1265.34]","[38045.6, 41201.12, 42585.07, 41770.58, 40911.24, 41104.77, 40105.74, 40075.25, 40407.79, 40063.44, 39661.45, 37959.99, 37345.48, 36838.37, 35652.68, 36090.27, 36749.98, 37534.05, 37193.4, 37097.25, 41559.66, 42546.08, 42421.15, 42415.68, 41690.0, 39983.17, 39514.58, 39447.1, 37664.07, 35541.98, 36097.08, 37090.89, 39054.09, 40810.32, 40278.55, 39145.67, 42988.42, 43802.09, 43984.98, 43375.57, 44261.69, 43500.15, 44841.32, 44052.05, 43481.19, 43709.33, 43269.07, 43067.26, 42241.61, 42899.75]"
da,4500,speaker_1,0.18143459915611815,0.09259259259259259,0.6700526475906372,"[435.42, 281.5, 168.79, 305.89, 92.73, 249.44, 114.83, 104.1, 99.1, 95.04, 144.55, 161.92, 275.49, 296.66, 159.97, 184.69, 163.46, 221.65, 166.98, 349.75, 192.32, 186.55, 155.13, 224.7, 181.0, 291.43, 194.16, 160.81, 152.12, 188.07, 172.98, 359.91, 339.82, 160.12, 734.44, 330.05]","[841.47, 903.9, 831.97, 892.16, 979.1, 893.92, 788.94, 629.26, 683.31, 612.1, 521.15, 516.72, 581.59, 614.12, 647.09, 575.08, 552.97, 635.34, 600.76, 720.95, 860.25, 931.36, 885.09, 771.74, 758.19, 712.53, 696.74, 826.45, 755.23, 920.55, 805.78, 815.44, 913.56, 1014.82, 1136.02, 757.97]","[9886.44, 3028.79, 2454.86, 4007.11, 3053.98, 2999.66, 2053.64, 2260.54, 2381.6, 1743.43, 1679.51, 1827.19, 1813.29, 2996.51, 2023.3, 2216.52, 1451.06, 2419.13, 1853.53, 2603.86, 3243.2, 2984.25, 2835.58, 2781.71, 2594.2, 1922.81, 2716.6, 2744.13, 2462.91, 3697.06, 3539.13, 3377.14, 5127.14, 6860.12, 2436.05, 1490.8]","[43505.94, 43084.07, 41874.99, 41603.46, 40988.8, 40116.14, 38495.39, 37297.12, 36010.91, 34077.72, 32081.56, 30442.24, 27997.69, 26731.21, 25111.4, 23876.24, 21671.34, 20222.49, 18424.29, 16967.09, 16758.42, 15496.95, 14671.24, 13174.34, 11285.02, 9148.33, 8420.99, 6703.16, 5507.52, 5761.72, 5650.2, 4964.26, 6381.15, 9601.97, 8193.01, 8465.39]"
da,4500,speaker_2,0.06691449814126393,0.05870841487279843,0.7936409115791321,"[443.9, 240.5, 265.44, 124.72, 154.93, 298.29, 107.99, 103.27, 287.3, 132.57, 182.4, 377.82, 174.76, 153.93, 272.72, 137.89, 137.84, 301.42, 276.73, 189.7, 341.14, 196.01, 138.44, 205.07, 269.73, 183.04, 193.72, 336.51, 375.53, 155.0, 326.21, 152.57, 263.24]","[810.23, 955.98, 841.55, 943.96, 827.14, 861.4, 915.97, 816.11, 845.17, 848.43, 736.58, 752.09, 808.14, 764.63, 798.0, 918.4, 944.98, 807.74, 765.2, 630.41, 702.72, 816.41, 800.7, 766.04, 773.54, 765.61, 847.56, 844.3, 900.45, 765.56, 802.85, 879.31, 720.35]","[9995.49, 3599.86, 5931.86, 3298.68, 2116.09, 4755.87, 2817.63, 3435.31, 2295.09, 2862.63, 2358.15, 3154.92, 3122.81, 2938.08, 2913.91, 3511.36, 3222.38, 3421.28, 3118.85, 1979.05, 4317.23, 2734.84, 2967.91, 3448.4, 2639.41, 2917.06, 2844.72, 3019.6, 2977.8, 3203.14, 13751.77, 3186.0, 1611.62]","[42996.65, 42930.19, 44382.13, 44003.91, 42450.5, 43126.95, 42282.8, 42050.68, 40269.98, 39455.42, 38143.35, 36825.2, 36500.36, 35785.46, 34835.51, 34694.64, 34253.88, 33621.92, 32875.57, 31194.59, 31040.37, 30117.11, 29420.88, 28589.15, 27563.62, 26426.68, 25611.91, 24768.66, 23485.94, 23048.06, 32939.23, 32475.39, 31857.7]"
da,4500,speaker_3,0.1715210355987055,0.10731414868105515,0.7017051577568054,"[402.33, 253.82, 135.71, 97.12, 268.03, 281.79, 125.06, 112.24, 93.16, 128.33, 310.11, 314.87, 158.97, 281.02, 165.26, 169.35, 181.9, 174.31, 326.83, 308.92, 179.02, 223.89, 161.61, 163.94, 160.75, 300.3, 236.54, 168.26, 202.32, 153.52, 194.11, 316.54, 190.79, 220.22, 158.61, 158.47, 889.58, 345.84, 283.04, 866.76, 843.56, 202.94, 307.76]","[953.67, 918.91, 807.75, 730.02, 774.79, 781.42, 830.18, 875.24, 814.52, 812.08, 813.68, 654.51, 660.6, 944.14, 974.65, 1086.25, 891.31, 616.86, 731.76, 773.92, 556.72, 686.71, 614.43, 574.29, 613.8, 688.12, 733.53, 669.51, 676.54, 511.59, 600.73, 786.01, 795.51, 680.62, 784.97, 808.42, 923.13, 775.99, 807.89, 827.6, 818.31, 567.45, 596.33]","[8209.08, 2815.28, 4676.69, 3339.75, 2315.17, 2971.82, 6371.66, 3729.8, 3142.98, 3308.04, 3562.04, 1840.94, 3522.06, 3325.41, 2854.63, 3494.11, 2234.62, 2675.68, 3313.87, 2180.41, 1653.93, 2902.28, 2217.29, 2278.61, 1951.02, 2642.47, 2350.73, 3507.6, 2337.93, 2078.78, 2317.88, 2553.43, 4233.56, 4219.54, 3213.0, 3796.71, 3073.52, 3522.82, 4052.59, 3178.09, 1760.5, 2143.26, 1593.08]","[40173.71, 39532.28, 40541.69, 40224.13, 38672.19, 37975.02, 40884.97, 40935.63, 40414.53, 40057.5, 39536.19, 37498.08, 37548.69, 36595.59, 35787.07, 35623.88, 34198.68, 33412.65, 32052.06, 30378.25, 28372.06, 26592.42, 25354.49, 23771.14, 21853.0, 20431.09, 19123.15, 18975.49, 17857.38, 16084.14, 14753.88, 13240.31, 13809.61, 14561.15, 13918.09, 13657.77, 12854.92, 12726.57, 13120.76, 12426.27, 10524.53, 8774.87, 10163.32]"
da,4500,speaker_4,0.06626506024096386,0.04834176503653738,0.7994746565818787,"[388.12, 284.79, 301.69, 255.9, 279.81, 130.79, 263.25, 261.43, 307.05, 180.19, 163.15, 177.54, 307.5, 150.37, 283.37, 207.22, 157.76, 282.69, 317.95, 164.76, 189.54, 155.02, 337.45, 149.52, 306.28, 217.88, 495.86, 171.68, 166.62, 153.41, 333.12, 198.18, 190.89, 210.81, 307.75, 459.53, 497.27, 173.01, 203.25, 1043.95, 863.89, 972.01, 332.0]","[623.51, 808.39, 983.33, 875.58, 754.05, 798.06, 777.02, 659.32, 809.92, 922.63, 912.55, 822.62, 745.13, 877.9, 790.75, 543.99, 682.39, 712.66, 927.88, 744.33, 745.5, 686.03, 793.19, 805.56, 608.55, 671.51, 612.22, 639.65, 768.44, 775.5, 896.72, 711.47, 836.01, 972.57, 827.36, 684.48, 693.01, 782.62, 903.21, 960.88, 1037.71, 901.04, 801.07]","[7972.13, 2938.03, 5128.05, 3122.86, 2726.74, 6514.43, 2388.5, 2413.59, 3634.69, 4085.89, 3154.03, 2246.23, 3405.3, 3347.43, 3260.77, 2481.34, 2584.53, 2805.52, 3535.44, 2383.57, 2683.53, 3027.92, 1870.27, 2135.72, 2069.13, 2536.94, 2136.45, 2489.85, 2311.81, 3339.56, 4296.36, 3008.81, 4459.72, 3363.94, 3781.36, 2332.74, 2972.61, 3268.04, 4206.17, 4283.66, 3698.91, 2967.25, 2223.34]","[40073.73, 39290.9, 39642.24, 39047.84, 37401.24, 39116.17, 37775.68, 36460.77, 35960.37, 35899.21, 35343.68, 34120.0, 33645.64, 33303.94, 32868.52, 31649.96, 30312.59, 29459.09, 28908.74, 27608.27, 26397.93, 25728.98, 23306.24, 21727.63, 19914.48, 18746.64, 17185.18, 15152.64, 13778.94, 13418.36, 13614.31, 12519.34, 13282.86, 12962.97, 13270.47, 11502.51, 10979.55, 10547.84, 11080.68, 11686.36, 11701.05, 10991.64, 9758.41]"
da,4500,speaker_5,0.13333333333333333,0.08740499457111835,0.7767117023468018,"[385.57, 330.9, 274.48, 279.27, 103.61, 264.86, 94.57, 288.87, 262.46, 172.39, 160.67, 193.77, 137.36, 159.37, 143.39, 312.23, 331.93, 269.85, 164.91, 155.33, 339.33, 319.08, 210.79, 191.7, 632.35, 141.21, 147.32, 338.09, 299.81, 367.4, 331.63, 153.56, 234.07, 412.46, 181.96, 151.39, 260.33, 168.32, 436.93, 518.02, 168.13, 768.54, 870.35, 280.66, 230.01, 353.28, 168.36, 157.42, 221.14, 179.47]","[580.12, 774.99, 780.36, 914.7, 884.33, 807.67, 762.46, 717.97, 520.99, 500.66, 620.25, 685.56, 695.02, 685.05, 745.49, 873.62, 861.85, 801.12, 756.42, 770.01, 817.57, 749.22, 735.45, 767.57, 787.71, 699.61, 694.83, 753.52, 913.22, 937.08, 697.45, 767.51, 880.07, 856.8, 782.71, 822.39, 862.68, 877.55, 754.64, 687.36, 839.82, 745.0, 723.73, 807.43, 550.86, 735.72, 802.3, 793.58, 586.26, 500.94]","[3765.91, 7218.24, 3287.9, 2952.84, 5040.32, 3076.01, 3344.22, 3169.73, 2212.8, 2198.84, 2456.84, 2601.77, 2638.24, 2880.91, 3418.93, 3833.71, 3871.48, 2266.2, 2450.22, 2941.31, 3356.23, 2804.02, 2047.71, 2193.65, 1946.74, 2078.27, 2318.74, 2050.61, 2719.22, 1199.52, 2898.74, 2495.15, 3253.13, 2857.59, 3101.04, 2473.95, 3791.4, 3374.49, 1931.92, 2499.52, 2618.87, 1913.38, 3088.8, 2503.98, 2778.01, 3545.33, 3677.51, 2027.16, 2036.91, 1271.81]","[37576.34, 41127.3, 40137.4, 38815.45, 40176.37, 39179.26, 38859.59, 38172.66, 36500.42, 35025.95, 33814.68, 32746.4, 31709.43, 30937.56, 30698.08, 30279.88, 29891.13, 28295.77, 27081.55, 26558.19, 25244.91, 24196.5, 22583.55, 21324.99, 19213.69, 17631.75, 16094.33, 14077.81, 12928.6, 10275.17, 8698.91, 7746.5, 6322.92, 5114.61, 4756.32, 3568.57, 4916.67, 4628.07, 3124.66, 3706.9, 3627.24, 3428.7, 4686.06, 3593.23, 3560.6, 4636.06, 4653.32, 2978.59, 2846.32, 3310.57]"
da,4500,speaker_6,0.17724867724867724,0.11758691206543967,0.7932437062263489,"[385.48, 296.23, 169.4, 131.6, 119.36, 268.03, 126.9, 125.42, 272.9, 125.68, 277.22, 204.85, 268.69, 163.49, 144.37, 264.07, 200.63, 261.11, 304.89, 320.13, 273.49, 166.53, 387.46, 149.03, 184.0, 141.87, 277.62, 138.39, 147.92, 167.39, 208.8, 163.78, 356.21, 145.89, 210.26, 184.06, 368.97, 165.79, 200.04, 331.06, 161.83, 219.34, 177.38, 205.81, 172.98, 400.6, 182.04, 284.34]","[561.69, 793.97, 618.41, 689.15, 695.71, 751.24, 719.95, 719.57, 698.65, 573.17, 622.19, 596.33, 665.28, 799.54, 643.79, 705.83, 671.97, 680.48, 849.16, 805.88, 868.95, 819.1, 727.46, 798.12, 927.49, 991.03, 692.34, 596.37, 667.81, 547.37, 557.93, 728.86, 778.17, 690.86, 541.62, 654.88, 616.82, 664.12, 847.31, 826.84, 824.92, 805.87, 908.23, 1022.39, 1058.14, 989.27, 1071.36, 740.87]","[6179.07, 2366.53, 3788.56, 2726.13, 4849.54, 3219.75, 2944.6, 3045.03, 3035.31, 1669.07, 2684.25, 1203.39, 6843.85, 3647.25, 2644.79, 2933.99, 2484.9, 1927.41, 3807.16, 4072.47, 3292.0, 2018.55, 3551.24, 3667.63, 3115.84, 4157.76, 1563.68, 2823.05, 1733.15, 1967.32, 2416.7, 3084.08, 3355.02, 1617.57, 2423.78, 2326.71, 1915.63, 2331.42, 2408.74, 4009.38, 3366.16, 2875.5, 2501.27, 3772.13, 4328.92, 4088.81, 22448.45, 2000.48]","[41036.68, 39735.08, 39869.67, 38938.77, 40327.54, 39271.16, 38758.92, 38141.36, 36899.49, 34917.39, 33723.39, 30853.81, 33427.21, 33430.35, 32422.52, 31488.73, 30331.07, 28601.23, 28142.34, 28351.41, 26967.91, 25531.09, 24415.36, 24630.28, 24100.19, 24597.1, 22510.55, 21685.34, 19753.72, 18257.54, 17013.19, 16434.95, 15524.38, 13472.33, 12240.99, 10911.62, 9180.5, 7863.81, 6604.04, 6337.66, 6250.58, 5470.28, 4301.71, 5001.19, 5879.89, 5479.78, 24052.63, 23005.85]"
da,4500,speaker_7,0.13175675675675674,0.08805790108564536,0.7801967263221741,"[443.97, 288.38, 128.17, 134.43, 112.7, 157.35, 101.33, 131.46, 264.01, 245.75, 268.8, 299.62, 196.96, 182.75, 262.5, 154.02, 327.04, 856.29, 446.29, 723.64, 186.82, 507.56, 630.97, 355.74, 155.06, 191.58, 236.17, 219.59, 245.17, 289.61, 240.61, 479.78, 281.64, 673.57, 207.93, 908.07, 308.92]","[653.65, 906.17, 951.72, 953.98, 818.28, 767.94, 999.04, 1176.0, 1226.9, 1050.49, 743.06, 752.82, 711.32, 719.23, 770.59, 1044.39, 1012.06, 801.5, 669.83, 965.94, 842.13, 842.55, 964.62, 911.61, 899.77, 925.38, 904.0, 725.37, 908.13, 957.44, 738.85, 882.51, 720.02, 679.31, 791.22, 844.35, 861.82]","[7584.61, 5800.28, 3605.51, 3862.93, 2945.06, 3435.97, 7197.63, 4774.5, 4839.54, 2582.92, 2453.88, 3442.99, 3579.47, 3547.04, 2619.38, 3069.49, 3334.55, 2399.21, 2426.06, 4028.23, 4012.54, 3406.75, 2623.34, 14712.89, 3983.1, 4434.81, 3702.04, 3000.02, 4176.08, 1977.4, 2360.56, 3354.25, 1661.6, 2979.38, 3295.41, 2693.26, 2460.75]","[41146.2, 43483.2, 43434.92, 43627.08, 42907.09, 42887.21, 46430.22, 47550.31, 48114.87, 46828.6, 45616.84, 45204.46, 45140.19, 45023.62, 43584.73, 42789.08, 42467.51, 40584.06, 38931.01, 39501.88, 39846.45, 38984.42, 37135.28, 47378.14, 47699.58, 48472.76, 48714.26, 48063.98, 47970.68, 46484.7, 45194.11, 44692.69, 42704.2, 41825.31, 41464.32, 40491.83, 41121.57]"
da,4500,speaker_8,0.12536443148688048,0.0889967637540453,0.7707045078277588,"[446.0, 259.7, 133.91, 104.92, 122.12, 99.02, 162.61, 383.5, 138.57, 108.82, 137.1, 203.58, 160.41, 188.98, 297.18, 186.93, 174.59, 334.13, 307.6, 298.58, 206.33, 285.23, 288.39, 146.79, 340.18, 163.75, 153.84, 171.25, 378.41, 180.51, 334.56, 177.83, 162.55, 208.13, 313.5, 220.57, 201.89, 326.15, 174.42, 164.2, 808.48, 863.81, 585.93]","[744.06, 914.08, 869.26, 940.89, 849.67, 776.33, 688.62, 756.43, 902.65, 705.2, 726.91, 809.49, 774.37, 549.03, 708.85, 820.14, 857.42, 869.17, 989.03, 972.98, 706.43, 736.52, 672.35, 594.65, 804.03, 792.78, 620.69, 654.91, 911.12, 776.51, 836.56, 923.42, 732.65, 797.47, 802.91, 741.14, 837.22, 872.24, 690.82, 733.85, 730.85, 683.66, 627.62]","[6390.42, 5902.04, 2896.9, 4199.13, 2030.97, 3562.07, 1115.17, 8641.97, 2929.5, 2295.34, 2261.35, 2593.41, 3139.87, 1615.08, 4472.58, 2877.97, 4221.59, 2901.39, 4916.79, 3633.69, 3122.18, 2529.92, 2221.35, 2206.41, 3757.24, 2017.76, 2320.37, 3280.0, 3916.01, 3133.2, 2546.51, 4098.37, 3106.71, 4204.57, 2755.87, 3200.16, 3248.85, 3635.23, 1812.3, 3498.23, 2601.72, 1807.56, 1385.47]","[40181.14, 42415.18, 41636.85, 42157.82, 40727.41, 40612.89, 38071.35, 43056.82, 42520.26, 41156.62, 39743.52, 38675.35, 38370.65, 36316.87, 36526.06, 35740.41, 36520.48, 34735.91, 35376.39, 35141.26, 34615.7, 33284.72, 31851.98, 30403.39, 30112.15, 28484.12, 27151.24, 26768.8, 26420.59, 25897.58, 24169.51, 24814.84, 24265.07, 24814.41, 23721.16, 23466.66, 23041.97, 23015.69, 21157.67, 21006.01, 19533.79, 17302.15, 17469.79]"
da,4500,speaker_9,0.1056701030927835,0.07283181600383325,0.7757321000099182,"[439.06, 258.21, 312.32, 270.11, 161.26, 260.93, 96.98, 100.07, 94.96, 140.13, 147.24, 156.59, 149.17, 324.08, 161.36, 300.61, 287.98, 167.99, 180.49, 157.18, 210.29, 340.65, 354.35, 352.5, 152.71, 150.36, 168.96, 233.55, 946.41, 159.04, 173.87, 323.59, 166.6, 208.18, 158.13, 189.77, 305.59, 1179.22, 318.89, 290.1, 288.76, 1076.33, 260.09, 849.21, 186.48, 1020.03, 163.97, 188.74, 1018.82, 289.92, 207.91, 483.11, 871.51, 1216.12]","[584.74, 722.55, 743.92, 880.54, 846.42, 800.79, 749.14, 775.61, 787.93, 731.34, 708.34, 780.56, 785.88, 634.39, 773.55, 859.21, 777.21, 1031.55, 720.28, 684.25, 867.11, 764.65, 905.92, 949.33, 634.14, 582.08, 840.28, 934.35, 802.62, 670.58, 550.1, 543.63, 760.31, 878.2, 663.32, 730.46, 1010.91, 892.2, 766.09, 723.84, 670.45, 785.34, 773.0, 638.44, 751.21, 710.25, 692.67, 683.12, 632.46, 669.13, 594.46, 768.82, 1022.91, 1014.17]","[6249.45, 4351.74, 4807.83, 3510.57, 2659.71, 2004.89, 2311.08, 3705.14, 2187.0, 1936.62, 2686.84, 2349.68, 2136.38, 2598.82, 2785.51, 2374.08, 1851.53, 2864.35, 1713.5, 4959.75, 2754.26, 1175.16, 9847.11, 2660.34, 2531.46, 3172.74, 3409.68, 3577.73, 3117.51, 2730.64, 1316.96, 1779.27, 4044.54, 3196.67, 2600.8, 4234.24, 4537.58, 2733.75, 2313.12, 2558.26, 2400.38, 3099.52, 2479.55, 2092.84, 1784.09, 2890.14, 2805.94, 1615.8, 1799.38, 1725.37, 1388.43, 6339.12, 5252.24, 2423.29]","[38958.92, 39023.57, 39345.02, 39176.49, 37958.53, 35882.56, 34528.62, 34775.95, 33311.18, 31571.99, 30586.5, 29495.13, 27975.12, 25912.25, 25239.13, 23536.96, 21726.6, 20943.87, 18994.76, 20292.59, 18979.11, 16292.02, 22489.1, 20875.29, 19756.42, 19491.32, 19233.63, 18733.13, 17772.8, 16862.04, 14521.98, 12643.86, 13032.17, 12772.37, 11714.38, 12288.86, 13174.79, 12252.47, 10701.85, 9618.78, 7746.77, 6782.19, 4579.36, 3582.55, 2722.61, 4623.89, 3662.98, 2489.57, 3453.38, 2685.79, 2196.49, 7592.78, 8970.94, 7927.02]"
da,4500,speaker_10,0.13988095238095238,0.08306709265175719,0.7504915595054626,"[485.83, 312.96, 333.7, 116.64, 113.35, 304.93, 99.46, 144.04, 178.18, 128.24, 181.8, 306.52, 320.48, 151.25, 172.72, 157.14, 191.11, 341.18, 200.6, 319.78, 165.58, 177.16, 194.55, 292.08, 190.64, 145.43, 270.53, 211.16, 215.36, 337.81, 311.44, 190.24, 182.06, 189.45, 348.35, 250.32, 746.21, 196.03, 268.08, 223.93, 142.65, 308.68]","[795.15, 995.78, 889.66, 728.1, 839.07, 932.67, 919.67, 1048.2, 986.61, 902.73, 1020.13, 1034.35, 879.12, 832.42, 1071.55, 912.46, 749.72, 987.85, 927.08, 1011.82, 872.17, 754.78, 751.35, 554.3, 472.68, 687.97, 826.67, 1032.34, 898.04, 757.13, 1049.29, 1133.44, 964.74, 904.35, 1007.65, 893.59, 1024.84, 827.04, 815.76, 984.53, 910.98, 613.73]","[6469.51, 6352.24, 2306.08, 2831.16, 3132.71, 2922.55, 4932.19, 3941.06, 2846.65, 2140.14, 7465.62, 3698.26, 2807.63, 3003.44, 3948.21, 2423.04, 3324.98, 4648.94, 3504.79, 4787.45, 2369.8, 2525.8, 2927.98, 1284.38, 1959.33, 3622.36, 4127.19, 4034.29, 2375.03, 3537.36, 5054.64, 4263.82, 3407.85, 3541.19, 3692.39, 2826.02, 15446.63, 2911.78, 2932.5, 3860.36, 2338.31, 1471.33]","[40130.82, 42822.01, 40857.05, 40025.84, 39486.82, 38121.17, 39590.85, 39871.55, 38845.16, 37318.3, 41323.73, 40950.88, 40100.18, 39453.77, 39734.46, 38706.1, 38369.96, 38954.73, 38771.8, 39025.09, 37504.95, 36332.77, 35567.65, 33142.38, 31416.4, 31350.57, 31765.75, 31706.86, 30390.69, 29833.62, 30804.99, 31604.55, 31300.91, 31132.56, 30917.16, 30047.97, 40969.89, 40166.56, 39390.29, 39152.62, 37791.33, 37829.67]"
da,5000,speaker_1,0.15611814345991562,0.07629629629629629,0.7119528651237488,"[461.63, 262.24, 135.48, 143.05, 133.33, 274.21, 275.77, 290.93, 145.15, 296.18, 282.23, 281.7, 195.29, 225.31, 312.47, 147.84, 181.76, 193.96, 164.99, 297.22, 329.48, 385.66, 231.51, 200.59, 204.42, 197.69, 161.35, 205.05, 172.87, 162.92, 295.36, 293.85]","[904.44, 960.65, 898.31, 970.16, 931.0, 881.93, 877.24, 805.16, 749.74, 638.37, 630.88, 705.76, 710.64, 735.4, 633.33, 671.44, 766.75, 910.69, 949.2, 871.86, 684.64, 726.25, 789.42, 787.65, 800.87, 839.43, 932.99, 817.81, 886.71, 984.64, 898.55, 639.75]","[9126.79, 2949.11, 5951.73, 3694.51, 3582.84, 3299.02, 2822.21, 2387.09, 2789.59, 2309.47, 2678.44, 2978.49, 2148.72, 2758.3, 2379.82, 2357.94, 3549.2, 2970.38, 3692.16, 2947.94, 1109.62, 3691.81, 2485.39, 2909.66, 2295.28, 3374.38, 2772.92, 3950.15, 3872.41, 2368.48, 2957.85, 1261.5]","[41613.4, 40425.58, 42085.7, 41648.0, 41100.82, 39867.14, 37941.71, 35562.51, 34029.16, 31199.91, 28913.59, 27574.45, 24987.49, 23015.4, 20876.36, 19123.0, 18150.74, 17019.54, 16613.5, 15052.56, 11873.26, 11252.6, 9450.95, 8263.73, 5840.2, 4911.39, 3867.62, 4974.09, 4932.37, 3516.58, 4153.31, 4791.91]"
da,5000,speaker_2,0.08178438661710037,0.06914546640574037,0.7906836271286011,"[372.0, 318.48, 289.81, 292.48, 110.69, 190.74, 124.68, 325.74, 291.27, 161.51, 381.75, 150.93, 183.0, 201.43, 155.27, 165.75, 170.58, 171.22, 314.87, 311.51, 172.62, 229.34, 292.96, 176.37, 201.19, 223.66, 509.2, 384.54, 164.27, 313.78]","[609.88, 949.11, 937.07, 938.87, 932.83, 932.67, 859.4, 837.28, 943.48, 891.1, 819.64, 827.23, 817.79, 925.76, 886.92, 886.82, 706.86, 717.05, 690.84, 787.95, 884.17, 707.32, 707.8, 890.49, 898.56, 738.3, 766.09, 852.05, 926.18, 789.6]","[8709.28, 6686.26, 3740.14, 3306.63, 3494.16, 4378.14, 3467.94, 3204.61, 3888.47, 2917.25, 3996.11, 3190.18, 2718.09, 2819.65, 3828.72, 3134.28, 3138.45, 3677.9, 3116.09, 3512.06, 4100.75, 2895.7, 11781.96, 5596.85, 3835.31, 2596.73, 4171.41, 2447.64, 5064.1, 2403.54]","[41709.06, 44273.16, 43444.62, 42626.99, 41997.52, 42054.31, 41411.13, 40259.09, 39195.42, 37966.65, 37028.13, 36121.93, 34743.91, 33439.68, 33153.31, 32210.2, 31016.38, 30361.14, 29165.5, 28166.34, 28154.36, 26957.41, 33988.27, 35497.06, 35241.43, 33517.97, 33614.04, 31569.46, 32555.59, 31492.44]"
da,5000,speaker_3,0.14563106796116504,0.08393285371702638,0.7292888164520264,"[458.79, 275.73, 276.13, 302.62, 113.79, 129.45, 111.63, 166.15, 124.61, 162.68, 191.78, 168.34, 293.3, 219.75, 353.89, 207.35, 283.57, 196.32, 180.39, 305.88, 183.1, 283.33, 201.37, 353.52, 309.99, 301.44, 212.98, 194.04, 275.07, 298.69, 214.01, 197.96, 399.49, 325.96, 372.21, 716.54, 1079.61]","[1143.39, 979.42, 904.85, 889.14, 837.17, 851.64, 887.48, 854.78, 880.9, 722.3, 620.33, 835.55, 962.9, 928.3, 861.86, 680.0, 669.02, 735.99, 696.53, 687.43, 676.15, 682.31, 728.68, 662.64, 744.9, 780.0, 833.73, 907.19, 862.69, 929.33, 918.79, 943.04, 789.75, 816.57, 1134.8, 1049.33, 901.22]","[9554.08, 4943.93, 3833.39, 2482.4, 3259.46, 7797.28, 3985.58, 3959.04, 3350.24, 3265.48, 3734.51, 3624.26, 2843.52, 3301.13, 3779.14, 2187.01, 2636.03, 2515.05, 3279.04, 1919.79, 2412.86, 2987.8, 2858.29, 2340.62, 4100.01, 3175.21, 4090.25, 2100.36, 4160.27, 4334.53, 2758.65, 3583.4, 2375.57, 3419.31, 4575.03, 3422.13, 2145.59]","[42500.1, 42779.51, 42527.45, 40935.91, 40111.33, 43821.64, 43523.39, 43422.98, 42688.39, 41873.63, 41537.71, 41087.65, 39255.96, 38292.55, 37799.53, 35915.77, 33657.6, 32107.3, 31113.69, 28151.63, 26506.85, 25047.72, 23847.56, 21530.41, 21167.87, 19255.66, 18680.0, 16305.73, 16002.82, 16059.69, 14752.99, 14072.33, 11780.07, 11137.07, 11462.1, 10822.51, 9324.22]"
da,5000,speaker_4,0.09939759036144578,0.0775716694772344,0.7801827788352966,"[389.32, 297.46, 267.46, 114.51, 174.88, 345.74, 115.58, 111.41, 296.17, 351.31, 208.35, 153.19, 230.25, 335.79, 159.56, 160.02, 212.85, 154.53, 213.47, 321.34, 393.62, 742.27, 939.5, 310.44, 267.67, 465.32, 440.63, 798.54, 815.72, 821.46, 866.35, 880.11, 792.28, 769.77, 200.52, 694.01, 996.19, 777.39, 316.46]","[621.46, 1026.31, 1069.69, 846.41, 785.12, 696.36, 739.65, 905.97, 896.1, 925.43, 780.53, 737.38, 855.03, 719.75, 902.7, 918.84, 825.93, 790.84, 776.76, 975.14, 910.3, 766.05, 596.22, 627.71, 878.13, 813.58, 959.29, 889.79, 726.81, 862.62, 998.14, 951.82, 746.64, 1047.99, 993.54, 983.98, 1031.98, 1004.59, 721.76]","[8442.57, 9190.4, 3541.69, 2581.91, 4152.18, 1795.25, 3754.01, 3253.86, 21680.23, 4207.55, 3899.43, 4290.04, 3556.86, 3809.91, 3422.23, 3177.98, 4669.95, 3857.44, 4062.48, 2979.53, 3438.21, 2951.41, 2066.19, 3778.66, 2784.64, 2872.11, 3040.95, 3642.41, 4019.99, 4723.71, 5345.35, 2622.74, 2445.38, 2601.11, 4397.42, 4101.66, 4341.3, 3118.03, 1836.86]","[41977.25, 46067.15, 45529.72, 44038.28, 43917.01, 41029.85, 40713.37, 39884.93, 57095.0, 57042.52, 56869.77, 57092.26, 56380.11, 55728.26, 55084.5, 54213.17, 54625.72, 54421.47, 54418.15, 53332.23, 52494.57, 51361.95, 48926.12, 48246.41, 45972.8, 44790.94, 43555.48, 42931.07, 42894.71, 43553.49, 43833.72, 41987.27, 40162.34, 38701.29, 39030.47, 39061.6, 38757.84, 37595.37, 38422.8]"
da,5000,speaker_5,0.11884057971014493,0.07980456026058631,0.786004900932312,"[409.22, 287.77, 298.94, 101.12, 290.72, 102.1, 287.86, 298.9, 346.17, 174.02, 151.04, 291.59, 161.52, 332.43, 218.79, 305.37, 287.14, 307.81, 205.73, 179.61, 401.49, 181.26, 295.04, 177.54, 195.18, 223.73, 837.61, 583.06, 166.14, 822.2, 201.77, 253.97, 248.83, 162.87, 393.37, 659.69, 175.98, 635.59, 185.27, 334.48, 178.05, 783.02, 320.74, 856.8]","[672.98, 811.5, 932.69, 845.47, 809.23, 909.98, 670.81, 693.95, 672.27, 659.67, 836.59, 901.73, 841.22, 835.64, 545.35, 617.62, 855.69, 871.88, 862.19, 882.75, 838.8, 794.51, 785.09, 779.58, 727.84, 764.05, 895.08, 964.17, 847.65, 981.2, 873.87, 840.59, 883.41, 876.6, 773.34, 770.97, 754.48, 818.07, 786.5, 728.23, 781.57, 973.13, 759.75, 633.79]","[6332.6, 6252.45, 6617.46, 3210.59, 4244.31, 3736.76, 3752.63, 2883.94, 2306.46, 2566.44, 3806.74, 4415.6, 3548.72, 3961.88, 1743.15, 2113.36, 3061.54, 3294.67, 3037.36, 3383.81, 3645.58, 2219.84, 2372.38, 2640.04, 2644.05, 2084.14, 3628.87, 3532.75, 3951.62, 3572.92, 2923.47, 3362.2, 2554.17, 2906.01, 2178.4, 3655.04, 2569.13, 3596.94, 2540.49, 2365.28, 4393.41, 4380.62, 2641.29, 2159.44]","[39326.42, 41520.93, 43238.18, 42378.3, 41735.03, 41403.62, 40674.5, 38870.74, 36686.99, 35177.41, 34707.76, 34858.13, 34328.64, 34036.02, 31507.08, 29354.31, 28367.36, 27390.09, 25539.11, 24650.34, 23635.9, 21799.62, 19714.36, 18299.0, 16670.03, 14699.73, 13675.78, 12735.52, 12619.86, 11322.86, 9978.02, 9268.94, 7575.22, 6220.65, 3345.96, 5087.54, 3502.11, 5052.35, 3524.62, 3428.94, 5353.77, 6139.79, 4732.17, 3678.42]"
da,5000,speaker_6,0.16137566137566137,0.11042944785276074,0.7892599701881409,"[426.5, 262.52, 311.3, 136.19, 278.81, 144.68, 286.45, 288.77, 295.46, 200.6, 159.9, 290.95, 164.83, 159.35, 174.3, 158.61, 176.77, 331.36, 158.2, 208.51, 183.8, 202.78, 307.2, 166.5, 152.41, 338.91, 677.51, 927.17, 194.86, 331.82, 341.56, 339.64, 325.61, 201.58, 206.76, 239.69, 198.59, 865.61, 159.59, 783.36, 1104.82, 905.6, 883.87]","[822.9, 902.55, 816.02, 744.61, 915.39, 951.03, 865.78, 789.6, 793.12, 794.87, 939.86, 772.46, 745.35, 720.71, 861.51, 804.34, 707.78, 764.96, 800.18, 743.48, 805.77, 1030.87, 1077.62, 875.8, 715.48, 724.85, 696.9, 790.42, 823.25, 768.45, 712.93, 583.92, 716.21, 947.3, 987.86, 840.23, 938.04, 1128.47, 1158.95, 1053.62, 957.65, 973.85, 853.47]","[8623.32, 2943.81, 3362.92, 4534.37, 3951.76, 4281.99, 2649.14, 3522.29, 3335.66, 2003.49, 4032.53, 3748.81, 2712.62, 2862.7, 3127.53, 2352.44, 2620.29, 2847.55, 2823.1, 3180.06, 3003.95, 3798.84, 4052.56, 3350.55, 3267.45, 2687.55, 1986.51, 2237.61, 2370.66, 2538.57, 2355.31, 1507.16, 2714.87, 3594.72, 6979.27, 3674.19, 3602.06, 4155.29, 4743.55, 3248.48, 3611.18, 4056.44, 2513.96]","[41999.08, 40678.67, 39350.88, 39199.51, 38663.54, 38877.71, 36640.92, 35866.74, 34658.03, 32325.41, 32241.53, 31062.51, 29664.9, 28430.3, 27460.04, 25503.91, 24056.68, 22158.23, 20870.12, 19759.88, 18030.99, 17082.21, 15998.39, 15057.34, 14209.56, 12600.7, 10473.34, 8598.78, 6859.65, 4873.03, 3410.65, 2431.39, 3757.34, 4744.46, 8174.91, 7758.65, 7237.54, 6850.58, 7500.69, 6221.72, 5714.08, 5937.95, 4758.57]"
da,5000,speaker_7,0.14527027027027026,0.09831121833534379,0.7744268774986267,"[399.52, 305.76, 141.05, 348.37, 284.97, 284.63, 141.54, 127.04, 115.85, 185.49, 197.69, 164.63, 300.58, 164.63, 163.07, 293.25, 170.91, 233.34, 195.4, 172.84, 221.4, 233.88, 163.8, 223.8, 226.97, 335.5, 160.87, 175.96, 170.67, 233.77, 797.52, 193.08, 919.05, 197.57]","[607.15, 867.56, 928.93, 795.54, 804.18, 1040.52, 1185.29, 1171.65, 966.54, 696.04, 788.03, 883.63, 844.22, 767.63, 867.6, 891.78, 736.28, 706.79, 845.98, 812.39, 839.16, 815.64, 928.45, 960.33, 873.19, 845.95, 1053.56, 762.8, 733.96, 707.01, 664.86, 856.16, 1146.86, 882.77]","[7925.31, 4536.82, 4958.22, 1758.05, 6513.06, 4452.55, 3490.39, 4366.99, 2756.22, 2177.94, 3979.37, 3503.17, 3241.55, 2731.57, 3228.31, 2791.98, 2422.74, 3287.85, 4183.31, 3277.81, 3422.29, 13746.61, 4346.21, 5182.61, 4029.29, 3550.22, 2840.43, 2143.25, 3385.42, 2859.24, 2780.54, 3518.19, 4525.6, 1583.5]","[41078.72, 41480.09, 42104.36, 39119.07, 41296.6, 41637.63, 40999.97, 41036.42, 39648.58, 37705.88, 37557.9, 36975.5, 35693.05, 34341.07, 33471.6, 31751.08, 30065.54, 29058.99, 29150.28, 28336.32, 27247.54, 36493.48, 36745.46, 37794.61, 37520.05, 36744.91, 35495.72, 33539.55, 32842.12, 31374.7, 30033.16, 29253.59, 29263.37, 30431.99]"
da,5000,speaker_8,0.11661807580174927,0.08576051779935275,0.8035809397697449,"[427.7, 297.21, 119.83, 131.26, 162.41, 188.09, 291.04, 112.7, 304.5, 333.82, 150.85, 196.41, 326.64, 188.97, 1187.26, 215.24, 185.71, 166.46, 186.76, 197.56, 307.52, 352.84, 189.32, 241.77, 207.77, 319.11, 354.98, 195.18, 169.51, 197.92, 316.6, 166.21, 384.81, 199.11, 885.36, 327.4, 168.91, 354.28]","[839.21, 1010.45, 1005.71, 1135.9, 1059.24, 756.31, 769.9, 843.65, 774.59, 743.9, 765.79, 835.05, 925.24, 909.52, 1107.24, 827.64, 723.49, 894.76, 835.29, 802.23, 765.37, 1215.39, 883.4, 717.11, 833.79, 940.47, 776.25, 757.66, 812.28, 908.47, 859.8, 839.55, 891.38, 861.39, 874.1, 830.43, 724.33, 905.21]","[7049.58, 4413.21, 5676.51, 9246.11, 3917.0, 3370.92, 3568.74, 3299.71, 2131.39, 2412.98, 3622.65, 2914.42, 4767.92, 3083.93, 3979.29, 1981.45, 3505.53, 3020.55, 4100.09, 2178.5, 3856.61, 3296.62, 3023.2, 3333.05, 3983.56, 3612.62, 1993.33, 3020.69, 2184.2, 4836.79, 3097.87, 3173.4, 5112.05, 3254.04, 2693.55, 3567.91, 2434.99, 1559.53]","[40191.2, 40500.38, 42063.56, 47183.98, 46789.42, 46028.18, 45279.18, 44437.59, 41597.04, 39695.71, 39197.15, 38003.61, 38280.39, 37314.77, 37218.97, 35133.46, 34383.47, 33327.51, 33362.29, 31464.11, 30246.57, 29482.11, 27625.58, 25886.7, 25805.3, 25160.94, 22886.97, 21848.19, 19980.43, 20754.29, 19170.32, 18272.29, 18707.53, 17692.25, 16315.77, 15414.74, 13589.91, 14132.5]"
da,5000,speaker_9,0.0979381443298969,0.07043603258265453,0.7663549184799194,"[417.01, 251.24, 126.25, 105.98, 282.48, 102.08, 146.88, 113.34, 346.75, 143.95, 258.81, 289.46, 331.01, 296.85, 197.54, 189.45, 195.94, 150.6, 163.92, 237.39, 177.04, 288.6, 152.06, 310.07, 166.47, 175.81, 172.84, 224.6, 165.94, 180.9, 187.77, 203.93, 175.68, 188.48, 915.54, 194.15, 137.22, 159.77, 155.45, 155.23, 327.33, 358.45, 406.72, 364.41, 342.84, 204.06, 145.9, 281.77]","[560.36, 739.73, 731.85, 930.07, 967.77, 837.94, 969.51, 905.4, 917.32, 857.69, 882.01, 861.37, 754.28, 866.16, 813.63, 925.55, 838.65, 602.7, 880.3, 851.28, 776.93, 755.21, 665.01, 717.05, 1001.54, 886.56, 630.05, 562.34, 648.42, 811.62, 840.48, 794.17, 956.24, 929.47, 865.52, 819.11, 740.54, 768.54, 876.82, 810.31, 796.94, 788.5, 666.82, 639.3, 715.56, 769.11, 950.55, 838.12]","[6437.02, 3526.91, 3374.58, 8967.08, 2740.16, 2989.27, 2277.25, 3514.79, 2763.66, 3171.51, 2469.12, 1979.5, 3346.82, 3447.57, 2277.33, 3437.97, 1323.76, 4072.49, 2829.18, 3049.13, 2551.54, 2957.13, 3500.39, 3010.78, 3754.86, 2641.43, 2253.37, 2158.85, 3484.86, 3393.64, 3213.64, 3070.72, 7216.65, 2936.2, 3042.1, 1918.53, 1889.4, 1845.2, 1407.58, 2428.51, 4625.32, 3113.53, 2174.69, 2625.67, 2478.4, 3366.64, 5309.89, 1774.41]","[39072.34, 38532.86, 37831.19, 42723.74, 40984.11, 39895.87, 38105.53, 37364.58, 35234.13, 34326.52, 32526.2, 30455.4, 28718.91, 27687.84, 25899.63, 25072.93, 22331.19, 22335.88, 21127.13, 20134.56, 18638.81, 17146.44, 16590.29, 14929.23, 14416.2, 12997.17, 11182.56, 8661.58, 7867.52, 7195.66, 6350.57, 5370.89, 8519.27, 7404.58, 5356.36, 2932.27, 2767.52, 2774.09, 2440.23, 3394.59, 5750.19, 4594.22, 3249.3, 3630.09, 3537.18, 4340.34, 6406.75, 5315.02]"
da,5000,speaker_10,0.13095238095238096,0.07827476038338659,0.762939989566803,"[429.08, 339.83, 307.51, 268.45, 283.01, 140.89, 128.99, 295.45, 336.7, 183.79, 168.01, 336.21, 176.89, 187.89, 313.61, 188.78, 219.81, 175.51, 204.35, 189.09, 354.1, 351.62, 317.77, 982.49, 231.12, 172.04, 196.09, 181.48, 219.6, 221.42, 209.01, 193.13, 174.04, 163.47, 182.08, 197.45, 313.68]","[795.11, 1093.6, 1119.03, 924.74, 912.34, 960.57, 1043.85, 1095.67, 1102.07, 974.36, 908.63, 1018.1, 1136.82, 1003.44, 1009.1, 1065.28, 1016.81, 904.83, 697.99, 620.37, 599.35, 542.78, 815.22, 1039.88, 1075.03, 1116.02, 888.11, 974.64, 1086.08, 1144.8, 986.63, 947.17, 927.41, 794.78, 902.96, 951.22, 868.85]","[6445.51, 10493.67, 3344.84, 4187.97, 2907.44, 4245.85, 3979.73, 3402.89, 3955.52, 3354.9, 3429.22, 4567.53, 4231.62, 2937.3, 6141.47, 3768.53, 3494.71, 2628.89, 1848.0, 2552.0, 2122.33, 1727.5, 4601.56, 4144.73, 4887.99, 2332.7, 3107.95, 4217.78, 3887.0, 4264.09, 2885.55, 4982.31, 3749.36, 2348.34, 2754.53, 3870.88, 2580.63]","[39068.47, 44616.92, 43427.01, 43090.4, 41854.99, 41773.18, 41611.28, 40684.92, 39679.94, 38707.1, 38042.93, 38086.91, 38210.19, 37028.88, 38452.1, 38121.75, 37521.61, 36050.27, 33794.3, 32017.69, 30038.91, 27447.78, 27331.09, 27357.13, 28118.28, 26160.12, 25158.34, 25089.45, 24866.54, 25006.68, 23585.61, 24465.25, 24096.06, 22335.34, 21001.27, 20762.46, 19018.47]"
da,5500,speaker_1,0.16877637130801687,0.0874074074074074,0.713717520236969,"[420.61, 316.94, 275.36, 304.35, 114.89, 172.65, 299.82, 277.61, 589.81, 177.75, 190.43, 224.54, 634.68, 169.62, 198.86, 306.73, 312.09, 179.9, 349.34, 220.67, 235.82, 168.16, 163.01, 202.7, 419.6, 778.08, 182.13, 290.46]","[1089.93, 1022.26, 951.01, 1006.22, 1045.95, 984.54, 841.22, 817.78, 770.19, 680.3, 766.84, 663.67, 640.71, 671.26, 747.14, 993.31, 1148.67, 998.59, 681.22, 740.31, 855.83, 776.15, 948.94, 1035.94, 922.84, 1030.34, 1223.28, 1014.52]","[10656.0, 3429.03, 5550.84, 3931.27, 4803.72, 2867.16, 2847.27, 3214.3, 2641.69, 2696.81, 2935.75, 2427.42, 2502.26, 2429.54, 2380.27, 6959.34, 3506.11, 3736.53, 1512.56, 4096.13, 4685.17, 2475.19, 3936.4, 4654.14, 4817.88, 4882.31, 4570.34, 2763.01]","[43036.94, 41504.62, 42303.11, 41492.92, 41540.15, 39695.53, 37209.66, 35545.33, 32481.81, 30694.6, 28957.83, 25678.85, 23104.53, 21052.25, 18742.36, 20630.49, 19260.46, 18121.73, 14944.88, 13331.6, 13139.88, 10927.3, 10179.01, 10368.55, 9911.14, 10103.55, 10196.09, 9086.3]"
da,5500,speaker_2,0.05947955390334572,0.051532941943900845,0.8071035742759705,"[393.95, 273.06, 119.56, 286.42, 350.64, 164.54, 170.79, 173.29, 196.3, 250.99, 191.59, 196.35, 217.75, 163.99, 276.21, 167.44, 237.23, 330.17, 216.65, 268.67, 215.02, 286.31, 282.24, 942.29, 972.43, 302.82, 247.28]","[778.6, 1066.59, 1024.67, 974.39, 980.15, 950.53, 938.48, 884.78, 889.72, 879.59, 836.48, 901.8, 1061.06, 927.46, 758.2, 860.88, 682.22, 730.72, 1032.18, 903.86, 824.4, 934.47, 1028.6, 952.79, 928.2, 1133.09, 999.41]","[9945.8, 6892.24, 4430.25, 4424.42, 3919.97, 6049.55, 3269.21, 4105.47, 3551.0, 3315.98, 2793.03, 5954.77, 3623.12, 3742.16, 14190.48, 4775.89, 3677.1, 4619.93, 4864.49, 4442.31, 4349.0, 5626.47, 3539.92, 3033.66, 3919.31, 6195.39, 1564.78]","[42523.32, 44733.13, 44665.76, 43787.18, 42812.27, 44172.44, 42750.29, 42363.45, 41233.48, 39856.37, 37979.33, 39446.7, 38394.06, 37465.02, 46605.22, 46904.56, 45900.34, 45631.92, 45820.18, 45789.17, 45464.48, 45607.12, 44686.78, 43043.52, 41662.5, 42569.15, 41900.34]"
da,5500,speaker_3,0.1262135922330097,0.08633093525179857,0.7511184811592102,"[434.4, 289.55, 300.57, 158.29, 115.99, 310.08, 147.84, 331.81, 326.05, 361.37, 172.05, 188.45, 178.49, 177.11, 301.19, 173.4, 206.47, 381.81, 175.37, 192.31, 311.68, 205.0, 205.12, 203.28, 307.13, 214.72, 184.26, 247.56, 354.92, 220.4, 253.31, 301.17, 213.52, 276.45]","[1237.4, 1071.41, 945.54, 864.11, 842.19, 921.86, 973.5, 1051.41, 799.49, 798.53, 1021.29, 1035.66, 891.67, 839.05, 867.27, 827.61, 628.68, 803.81, 930.02, 668.95, 839.87, 831.87, 781.26, 656.33, 754.72, 902.6, 968.11, 924.79, 927.59, 795.3, 949.81, 998.11, 1018.0, 877.93]","[9843.94, 8118.99, 3926.69, 2950.43, 3286.2, 4281.54, 4574.45, 4401.47, 3421.79, 3310.71, 3227.19, 2863.73, 3348.79, 2595.16, 2832.85, 2850.88, 1169.92, 4808.01, 2731.61, 3284.68, 3099.86, 2713.3, 3349.79, 1901.61, 4247.29, 4203.84, 3855.13, 2772.51, 3862.33, 2340.39, 3795.18, 2759.61, 3637.26, 1394.24]","[41868.14, 45294.07, 44525.82, 42774.26, 41567.42, 40942.86, 40829.12, 39906.94, 38427.48, 37048.78, 35802.46, 33778.82, 32462.17, 30368.03, 28129.51, 26307.86, 22804.84, 22933.1, 20982.64, 19584.81, 17598.45, 15822.9, 14490.29, 11705.61, 10877.22, 10406.97, 9780.19, 7884.91, 6869.95, 4543.05, 5000.13, 4059.26, 4869.83, 4230.04]"
da,5500,speaker_4,0.06626506024096386,0.04834176503653738,0.7794961929321289,"[416.96, 290.03, 200.28, 119.04, 308.7, 302.19, 132.01, 310.23, 290.08, 274.35, 306.79, 178.68, 832.32, 977.19, 650.64, 161.56, 398.49, 170.46, 987.85, 1056.83, 176.57, 876.1, 993.08, 166.22, 223.69, 246.62, 212.79, 181.88, 322.72, 258.93, 185.31, 191.09, 990.81, 165.03, 292.16]","[710.7, 1035.78, 1051.35, 885.87, 877.32, 906.98, 852.3, 964.48, 1074.61, 976.55, 923.84, 1033.29, 1035.73, 941.57, 983.27, 798.96, 866.27, 963.12, 786.36, 660.03, 719.04, 779.91, 795.39, 849.58, 993.98, 848.53, 790.32, 843.49, 809.19, 727.62, 914.75, 908.16, 1179.92, 967.16, 827.34]","[24335.87, 6044.6, 4625.29, 2709.12, 5740.96, 3495.16, 3821.73, 4752.24, 4768.16, 3928.88, 5330.81, 4543.18, 4372.14, 4200.32, 3947.94, 2717.36, 3409.54, 4109.37, 2909.81, 2755.53, 4372.81, 3248.17, 3666.31, 3541.32, 5108.07, 2565.6, 4918.22, 5004.05, 3606.6, 2899.49, 3721.05, 4794.41, 3642.32, 2717.45, 1693.3]","[56410.46, 57765.69, 57488.49, 55505.15, 55726.28, 53911.29, 53030.43, 53028.22, 52677.09, 51909.61, 51723.89, 51579.32, 51052.34, 49874.65, 49111.85, 47111.1, 45981.02, 45117.64, 43322.55, 41543.9, 41181.04, 39681.59, 38604.68, 37230.96, 37599.08, 35654.84, 35842.45, 35877.76, 34303.06, 32421.05, 31601.09, 31670.7, 30365.72, 28153.88, 29435.12]"
da,5500,speaker_5,0.12753623188405797,0.07654723127035831,0.799773633480072,"[431.75, 288.78, 149.25, 290.24, 287.2, 139.09, 289.54, 166.41, 270.32, 181.56, 166.79, 387.73, 294.82, 325.42, 174.34, 297.21, 192.12, 222.7, 1116.48, 184.79, 209.31, 824.38, 900.32, 189.19, 220.12, 334.98, 190.13, 401.61, 196.68, 200.08, 187.27, 161.39, 418.1, 724.35, 424.13, 452.56, 243.73, 198.54, 826.57, 294.56]","[635.58, 789.44, 848.22, 954.48, 974.36, 780.96, 714.68, 689.14, 675.74, 843.02, 873.43, 813.83, 1026.06, 976.76, 818.52, 741.93, 730.13, 866.59, 933.8, 952.05, 847.35, 716.05, 888.37, 946.16, 751.1, 822.14, 908.66, 797.46, 753.33, 792.6, 813.71, 742.54, 799.29, 880.53, 676.16, 695.07, 781.52, 1055.29, 680.28, 465.86]","[6115.99, 5997.1, 3652.32, 6894.13, 3792.08, 3097.41, 4267.89, 2480.35, 3099.52, 3642.08, 3499.85, 3240.32, 8733.55, 2888.14, 3051.76, 2284.52, 3149.55, 5434.47, 4121.07, 2842.9, 2557.81, 3024.29, 3500.98, 3220.94, 2083.52, 3668.24, 3663.85, 3062.65, 2261.23, 3300.24, 3417.81, 2731.55, 3304.77, 2531.31, 3603.16, 2735.92, 4806.88, 4798.44, 1944.86, 1660.36]","[37828.15, 39037.41, 38089.93, 39382.63, 37765.42, 36298.03, 34726.21, 32626.82, 30746.56, 29624.73, 28392.86, 26278.58, 29638.56, 27819.73, 25936.8, 22857.98, 21276.67, 22194.31, 21123.38, 18818.32, 16664.32, 14941.09, 13279.39, 11784.52, 9323.28, 8027.63, 6969.18, 5288.99, 3211.88, 4293.58, 4419.93, 3636.89, 4523.01, 4137.52, 4704.04, 3883.98, 5833.54, 6066.64, 3453.67, 3653.87]"
da,5500,speaker_6,0.12962962962962962,0.0843558282208589,0.820068359375,"[405.24, 314.36, 341.25, 342.07, 187.16, 294.67, 121.07, 174.54, 349.92, 334.63, 181.59, 336.22, 275.81, 279.18, 190.47, 196.74, 975.31, 255.24, 386.67, 185.22, 157.97, 379.66, 176.8, 760.4, 213.75, 213.96, 321.55, 269.14, 205.15, 334.75, 339.38, 236.82, 162.15, 840.23, 205.48, 264.74, 848.78, 214.44, 335.49]","[781.52, 964.56, 919.03, 897.48, 962.94, 923.55, 846.36, 725.95, 585.01, 862.65, 1055.94, 950.21, 952.94, 805.91, 803.88, 874.37, 844.42, 796.7, 902.59, 1113.85, 891.12, 746.3, 731.66, 748.72, 767.92, 717.08, 693.2, 638.84, 648.94, 828.63, 1036.04, 1003.65, 1044.11, 1081.02, 1299.29, 864.28, 752.04, 964.37, 770.73]","[9061.12, 4434.94, 3690.25, 4016.23, 5688.2, 3335.63, 3464.78, 2441.7, 1744.52, 9039.95, 3342.07, 4380.65, 2752.98, 2913.73, 2825.82, 3511.24, 2674.11, 4656.11, 4007.27, 4553.26, 2049.66, 3472.13, 3363.33, 2635.27, 3169.57, 2372.87, 3483.68, 1748.95, 2532.78, 3162.08, 4307.26, 5095.61, 4170.73, 4063.32, 5306.21, 1806.2, 3546.06, 15564.52, 1872.42]","[40304.1, 39130.98, 38044.69, 37078.62, 37958.99, 36110.18, 35000.68, 32664.86, 29241.67, 32721.68, 31331.23, 30541.2, 28334.22, 25894.76, 23970.17, 22916.48, 20586.92, 19656.13, 18516.64, 18344.51, 15661.68, 14172.5, 13011.38, 10936.83, 9358.95, 6792.89, 5531.0, 2657.97, 3387.25, 4326.37, 5684.06, 6337.25, 5774.49, 5985.01, 6811.72, 3888.73, 5149.0, 16746.56, 17996.08]"
da,5500,speaker_7,0.14864864864864866,0.08926417370325694,0.7754018902778625,"[451.41, 297.97, 177.88, 147.44, 210.96, 318.7, 120.77, 296.96, 332.03, 168.64, 180.14, 261.12, 353.22, 303.44, 361.86, 1118.13, 183.12, 234.39, 1035.71, 186.16, 156.93, 209.4, 371.32, 886.95, 231.03, 915.67, 467.66, 916.08, 270.48]","[694.52, 982.42, 1004.35, 937.64, 1056.16, 1062.9, 1600.87, 1145.96, 917.97, 892.75, 857.37, 817.42, 1051.99, 1058.9, 1107.34, 1022.81, 1120.79, 1008.69, 1008.8, 939.04, 998.19, 851.2, 939.01, 1005.14, 867.7, 862.22, 802.06, 910.57, 1072.31]","[8928.21, 5593.41, 3300.39, 3589.39, 6104.39, 11753.2, 5078.87, 3863.49, 3104.97, 5080.08, 3055.35, 3592.32, 4110.57, 3311.58, 2916.29, 6239.15, 4520.75, 6406.45, 4166.41, 5675.75, 3719.47, 3565.04, 4712.88, 3577.78, 2749.89, 3770.19, 3059.76, 4579.92, 2896.17]","[40048.04, 40859.06, 39365.78, 38364.98, 39685.78, 46443.81, 46749.31, 45840.95, 43950.37, 44483.02, 42835.45, 41266.95, 39799.18, 37365.72, 35492.65, 36147.76, 35941.16, 36780.75, 36208.5, 37131.54, 36285.94, 34890.66, 34860.55, 33934.92, 31925.04, 30115.65, 28434.06, 27860.89, 27483.03]"
da,5500,speaker_8,0.12536443148688048,0.09331175836030205,0.7565509676933289,"[459.82, 314.28, 302.61, 176.87, 344.68, 144.68, 128.99, 200.37, 238.94, 178.16, 209.17, 182.2, 334.27, 232.14, 754.84, 159.93, 160.42, 250.11, 170.68, 235.39, 225.6, 172.44, 425.77, 182.36, 404.24, 195.05, 230.01, 858.6, 371.66, 592.0, 681.18, 204.05, 252.12, 249.76]","[1092.11, 1169.42, 1495.76, 1075.23, 865.38, 837.9, 807.91, 572.76, 839.75, 996.19, 838.79, 972.8, 970.86, 920.45, 1100.75, 993.94, 785.2, 809.57, 909.57, 937.8, 711.47, 730.16, 935.92, 906.19, 966.37, 957.56, 983.1, 809.02, 823.17, 1146.23, 922.97, 899.75, 954.82, 688.08]","[9257.26, 6637.29, 6762.23, 3283.06, 8347.52, 3891.63, 3080.53, 1255.21, 4039.43, 3239.51, 3626.33, 4300.94, 3412.9, 3005.09, 40242.07, 3417.95, 3981.75, 3553.23, 4308.52, 4406.19, 3985.66, 3448.71, 5134.25, 3886.34, 3454.6, 2848.59, 5361.23, 2264.73, 5926.89, 5690.69, 3152.03, 3689.0, 3222.86, 1725.24]","[41009.8, 41863.67, 44078.01, 42564.07, 45920.22, 45049.88, 43558.59, 40022.65, 39301.43, 37988.58, 36858.97, 36197.7, 34885.64, 33341.8, 68824.62, 67513.0, 66731.39, 65530.47, 65297.73, 64975.05, 64204.18, 62902.14, 62680.98, 61819.01, 60095.22, 58156.07, 58943.74, 56462.84, 57614.75, 58155.77, 56540.28, 55519.85, 53609.6, 53064.3]"
da,5500,speaker_9,0.10824742268041238,0.0819357930043124,0.7989373803138733,"[419.43, 265.47, 264.52, 290.46, 295.42, 119.54, 204.98, 186.65, 441.83, 210.42, 310.95, 253.5, 294.2, 164.2, 202.39, 176.52, 209.04, 288.23, 200.81, 183.68, 311.69, 327.46, 346.3, 198.97, 533.63, 194.86, 383.81, 241.26, 315.06, 448.01, 927.21, 542.76, 183.12, 233.48, 223.54, 318.18, 200.06, 327.37, 411.47, 229.28, 654.88, 365.98]","[681.05, 829.89, 850.73, 984.56, 916.96, 853.81, 942.33, 910.88, 989.75, 954.19, 829.24, 817.72, 1010.26, 1225.98, 948.72, 851.54, 1074.53, 989.11, 759.04, 597.33, 663.1, 982.96, 901.99, 682.72, 634.17, 797.43, 971.64, 1086.31, 1176.5, 900.66, 673.35, 663.18, 879.04, 953.56, 802.47, 842.56, 780.65, 650.13, 666.66, 800.06, 915.32, 868.82]","[7732.75, 4443.94, 5609.77, 3862.5, 2132.83, 2769.23, 3864.09, 2750.23, 3859.95, 3202.03, 2661.28, 3947.02, 3135.55, 2642.95, 2495.7, 3724.55, 5391.98, 3586.06, 2359.42, 2994.96, 4199.72, 4071.83, 2892.38, 3030.1, 1813.33, 3235.28, 3871.62, 6755.21, 4430.62, 2842.55, 1844.98, 2949.99, 4148.02, 1743.26, 2731.08, 3691.04, 2698.99, 2301.5, 2972.67, 4719.63, 3911.8, 3610.83]","[38168.06, 37853.29, 38679.82, 37352.41, 34730.16, 32925.0, 32007.31, 29989.99, 28886.22, 27530.72, 24414.01, 22785.08, 20339.44, 18247.78, 16204.15, 15185.51, 15816.13, 14613.03, 12229.14, 10684.16, 9521.77, 8671.42, 6632.98, 4930.7, 2982.17, 4228.25, 5227.88, 8083.22, 7558.62, 5429.7, 3446.01, 4157.53, 5211.65, 2930.77, 3757.96, 4852.75, 3680.55, 3280.01, 4051.54, 5749.79, 5483.2, 4859.5]"
da,5500,speaker_10,0.1488095238095238,0.08732694355697551,0.7601577043533325,"[411.63, 313.68, 133.8, 117.53, 141.58, 121.64, 158.48, 315.91, 205.88, 203.17, 194.43, 327.84, 231.32, 211.3, 171.08, 308.37, 319.94, 327.18, 961.63, 884.45, 214.14, 946.27, 337.44, 271.61, 202.41, 285.53, 992.25, 984.77, 1011.34, 356.63, 1026.08, 229.63, 337.26]","[768.49, 1084.21, 1062.41, 958.64, 967.92, 1055.13, 1245.92, 1073.91, 1076.14, 981.35, 1039.61, 1307.5, 1106.12, 1112.68, 1100.58, 1077.19, 1119.82, 903.89, 753.23, 690.75, 828.06, 1027.7, 1225.45, 1253.05, 1087.09, 1297.63, 1344.86, 1163.75, 1180.98, 943.53, 689.39, 908.27, 980.65]","[6034.39, 10225.7, 3052.25, 4721.07, 3005.75, 4195.18, 4193.54, 2584.59, 6988.81, 3064.75, 5043.27, 5045.39, 4034.77, 5341.93, 4349.71, 4879.64, 2602.31, 2682.57, 2817.23, 1979.74, 4596.08, 4767.79, 6072.42, 4113.15, 6743.99, 39964.39, 5307.43, 5792.72, 5542.79, 2934.78, 1376.01, 3981.79, 3312.81]","[38081.78, 43536.64, 41788.5, 41742.75, 40178.53, 39598.01, 39022.99, 36828.82, 39075.15, 37368.52, 37843.34, 37907.29, 37228.1, 37802.98, 37650.59, 37608.3, 35261.23, 33213.37, 31279.74, 27700.65, 27560.06, 27580.14, 28528.72, 27922.18, 29094.69, 64547.06, 65122.3, 65798.44, 66384.19, 64179.63, 60853.31, 60068.78, 59051.69]"
da,6000,speaker_1,0.15611814345991562,0.09037037037037036,0.6741469502449036,"[404.6, 300.56, 181.2, 123.55, 336.29, 134.35, 298.29, 178.59, 234.37, 203.6, 320.4, 188.4, 323.82, 332.21, 199.93, 183.43, 371.64, 304.69, 206.0, 907.67, 316.69, 179.92, 187.37, 189.48, 341.61, 293.19]","[1069.07, 1083.21, 1136.22, 1116.05, 1016.24, 941.36, 844.01, 778.42, 659.33, 770.62, 824.35, 711.24, 688.33, 901.72, 1074.27, 1110.97, 865.11, 735.65, 786.01, 806.89, 1009.33, 1151.53, 955.27, 982.3, 1134.12, 936.09]","[11390.32, 3544.96, 7087.02, 4917.33, 3557.44, 3118.13, 2710.19, 2978.0, 2440.1, 3489.92, 2846.28, 2414.41, 2628.02, 4028.04, 4119.5, 3793.23, 3253.01, 3707.01, 2598.88, 2694.61, 4339.68, 4238.31, 3665.92, 4563.98, 5012.5, 1428.72]","[43211.42, 41564.1, 43468.82, 43170.56, 41108.16, 39030.31, 35699.51, 33461.58, 30280.98, 28637.07, 25303.14, 22602.7, 19419.11, 17673.63, 16670.04, 15330.79, 13019.53, 11161.08, 8427.88, 5348.36, 5666.61, 5570.18, 4808.93, 5736.44, 6489.54, 7109.71]"
da,6000,speaker_2,0.08178438661710037,0.051532941943900845,0.7855249047279358,"[464.61, 302.06, 165.11, 145.78, 157.68, 156.65, 187.61, 210.74, 316.48, 194.23, 846.35, 302.62, 186.07, 585.67, 617.58, 328.81, 809.33, 190.54, 640.38, 193.39, 333.92, 576.85, 621.03, 415.95, 291.47]","[864.76, 1103.44, 1095.8, 1090.17, 1111.45, 1085.27, 995.39, 940.62, 984.44, 948.78, 992.6, 1121.26, 1069.45, 897.03, 968.24, 980.56, 948.51, 851.29, 980.63, 943.1, 931.96, 937.9, 1085.96, 839.88, 681.9]","[10279.64, 8802.21, 4974.22, 4347.89, 7328.1, 5182.58, 3448.03, 3386.81, 4508.71, 3976.59, 5205.72, 4365.3, 5410.87, 4119.33, 4057.4, 4613.99, 4031.9, 5164.95, 4543.3, 4779.07, 3881.84, 4668.91, 4825.77, 2880.97, 1480.19]","[41118.78, 44526.55, 44295.69, 43438.76, 45570.06, 45350.97, 43616.3, 41817.18, 40090.15, 38900.97, 38730.48, 37539.12, 37808.19, 36769.02, 35696.34, 34361.7, 33222.96, 33232.68, 32416.3, 32031.3, 30781.07, 29873.51, 29311.32, 26840.36, 28110.73]"
da,6000,speaker_3,0.12944983818770225,0.08093525179856115,0.7556712627410889,"[402.24, 318.89, 292.94, 312.6, 209.4, 152.5, 241.32, 412.85, 307.15, 227.81, 758.13, 227.79, 391.26, 826.59, 853.33, 327.93, 726.85, 182.95, 734.86, 920.61, 1037.18, 210.91, 903.53, 180.5, 897.32, 228.32, 276.84, 458.28, 298.66, 882.75]","[1197.7, 1070.57, 1130.24, 1016.73, 933.96, 1027.85, 1139.37, 909.75, 766.35, 1080.47, 1164.23, 1071.6, 845.67, 708.44, 792.22, 772.8, 729.53, 763.48, 806.96, 902.82, 800.29, 844.93, 1084.48, 990.54, 1086.78, 1190.93, 916.84, 864.73, 971.63, 1125.0]","[10172.98, 9988.44, 5275.63, 3629.79, 7691.43, 5007.87, 29434.88, 5340.3, 4180.17, 5057.41, 4120.79, 4586.72, 3390.4, 3530.29, 3629.11, 3214.87, 2837.94, 3738.66, 3431.48, 4690.02, 5059.27, 4969.21, 4064.3, 6074.92, 4198.59, 4461.89, 3139.84, 3629.37, 3064.69, 3172.82]","[41201.72, 45365.16, 45037.64, 43513.68, 45788.79, 45603.0, 69833.16, 68982.94, 67790.69, 67701.94, 66692.04, 65920.29, 63726.68, 62081.36, 60568.87, 57994.97, 55435.05, 54003.77, 52020.76, 51549.53, 50440.78, 50277.56, 49220.69, 50135.3, 48559.34, 47850.41, 45644.57, 43920.01, 41612.17, 39624.27]"
da,6000,speaker_4,0.06927710843373494,0.045531197301854974,0.7895824313163757,"[458.7, 277.42, 307.69, 324.3, 318.9, 126.26, 170.15, 198.01, 317.51, 215.66, 189.77, 205.02, 185.7, 1085.19, 227.7, 1118.4, 508.64, 173.28, 225.56, 351.45, 211.35, 167.5, 171.51, 233.16, 174.58, 439.27, 820.5, 170.12, 1006.96, 1581.28, 284.32]","[793.14, 1043.11, 1053.95, 920.84, 816.7, 849.74, 993.61, 1083.57, 1015.22, 957.97, 1123.86, 934.0, 768.67, 1006.17, 964.06, 911.73, 1040.82, 1072.96, 1279.16, 1073.8, 959.58, 889.53, 931.96, 931.84, 811.13, 954.86, 854.16, 866.76, 1131.74, 1099.13, 896.25]","[11513.16, 5610.64, 3740.02, 3622.67, 3131.19, 4022.27, 4623.54, 10581.07, 3552.98, 5374.97, 4511.23, 2833.48, 3825.41, 5582.98, 3742.52, 3570.21, 3397.54, 3448.1, 3164.74, 3269.37, 3026.92, 4082.61, 5841.6, 13618.03, 5376.23, 7147.48, 4128.63, 3687.49, 5606.51, 4289.57, 2714.51]","[42671.98, 43095.23, 41429.3, 39603.08, 37112.0, 35943.91, 35385.45, 40791.09, 38526.57, 38757.43, 38124.9, 35803.03, 34271.14, 34112.65, 32694.23, 30288.38, 27906.0, 26021.58, 24059.37, 21144.5, 18798.79, 17736.68, 17991.46, 26449.86, 26486.08, 27865.22, 26647.02, 25143.26, 25349.24, 23677.21, 22679.96]"
da,6000,speaker_5,0.10434782608695652,0.06297502714440825,0.8216692209243774,"[388.03, 316.1, 345.23, 299.41, 312.09, 132.87, 281.72, 630.76, 169.27, 205.27, 184.01, 1060.76, 185.39, 539.0, 166.38, 319.59, 189.34, 893.03, 876.17, 222.44, 176.87, 214.81, 181.78, 193.47, 182.76, 164.12, 174.04, 181.08, 242.27, 185.25, 196.01, 176.8, 312.5, 204.21, 177.87, 310.48, 942.23]","[639.18, 982.19, 1052.12, 1030.92, 1009.74, 920.99, 729.52, 722.49, 820.14, 873.12, 923.19, 991.13, 1048.72, 900.12, 796.99, 828.12, 975.75, 950.61, 1088.6, 864.6, 999.34, 1034.01, 821.04, 872.06, 929.63, 903.19, 984.17, 975.35, 932.29, 896.41, 807.52, 741.71, 770.98, 797.71, 1025.13, 856.41, 470.05]","[6134.63, 9297.65, 3837.53, 7901.24, 4429.36, 4618.08, 2240.38, 3144.35, 3374.76, 3620.07, 3211.92, 5269.01, 3270.84, 3060.19, 2195.08, 4629.24, 3085.03, 3353.7, 2670.46, 3453.15, 3695.7, 2630.52, 3484.7, 3738.73, 3195.55, 2478.1, 3833.35, 3804.95, 2948.36, 3393.85, 2384.11, 3301.27, 1836.05, 4449.43, 4336.18, 2166.98, 1561.62]","[36854.48, 40960.82, 39152.88, 41649.94, 40679.89, 40100.62, 36912.63, 34495.59, 32278.0, 30724.81, 28584.55, 28720.09, 26617.3, 24313.0, 21321.95, 20398.43, 18114.78, 16334.6, 13213.95, 11280.88, 9804.56, 7097.02, 5218.24, 4804.97, 4308.61, 3546.39, 4992.3, 4962.09, 4123.67, 4475.93, 3390.07, 4220.89, 2920.38, 5452.99, 5539.76, 3334.92, 3864.85]"
da,6000,speaker_6,0.12169312169312169,0.07259713701431493,0.8114932179450989,"[386.5, 319.68, 142.38, 168.72, 147.35, 157.14, 147.78, 305.12, 185.78, 324.41, 205.8, 274.2, 294.33, 304.01, 311.49, 463.33, 328.95, 310.79, 239.69, 175.4, 444.58, 208.45, 185.84, 317.91, 383.27, 212.77, 348.95, 228.95, 987.64, 786.59, 257.6, 231.42, 205.75, 859.1, 295.22]","[845.58, 953.06, 901.6, 991.25, 999.94, 861.44, 677.0, 663.46, 1082.8, 1187.54, 928.45, 926.25, 900.15, 927.63, 1247.62, 965.53, 1017.32, 1000.66, 977.2, 835.73, 702.51, 794.01, 806.72, 776.77, 869.19, 878.2, 792.71, 1067.53, 1363.09, 1134.13, 1422.26, 1210.84, 1020.04, 1342.75, 822.83]","[9114.19, 3759.31, 4369.95, 6455.42, 5657.05, 2671.46, 2281.81, 3156.53, 3523.2, 7008.11, 3731.6, 3779.58, 2971.1, 4715.81, 4128.42, 4087.33, 4642.13, 4841.03, 2581.64, 3156.16, 2518.27, 3324.46, 2812.07, 3033.8, 2686.06, 2834.6, 2917.45, 6626.48, 4464.19, 4009.18, 10316.74, 2195.15, 5001.25, 3513.01, 1608.28]","[39626.86, 38189.75, 37175.53, 38407.2, 38881.73, 36149.17, 33239.51, 30348.53, 28698.58, 29685.9, 28266.74, 26671.72, 23649.34, 22782.65, 20718.95, 18810.3, 18082.43, 17176.51, 14183.37, 11963.04, 8682.26, 6679.04, 4317.22, 4129.12, 3939.19, 3926.57, 4060.87, 7924.9, 6815.79, 5930.58, 11996.99, 9105.13, 8796.05, 7222.01, 7614.59]"
da,6000,speaker_7,0.125,0.0669481302774427,0.7759060263633728,"[430.3, 328.83, 292.01, 298.5, 332.49, 161.71, 297.66, 328.64, 177.04, 236.49, 288.14, 387.89, 938.63, 236.58, 198.24, 932.17, 228.49, 195.26, 186.02, 309.16, 910.81, 219.58, 195.27, 1061.2, 369.26, 173.89]","[714.41, 1072.07, 1159.19, 1120.86, 1205.09, 1390.24, 1361.34, 1015.04, 918.15, 953.52, 838.17, 1120.39, 1122.4, 925.9, 1040.25, 1196.56, 874.35, 863.17, 1034.84, 1021.09, 1066.43, 991.23, 988.49, 1103.29, 964.66, 1317.09]","[9138.23, 6757.76, 5546.13, 5429.2, 6688.02, 12556.95, 4627.76, 3436.59, 4491.31, 4503.52, 2922.47, 6121.0, 3386.79, 4515.14, 4723.92, 4525.47, 3949.53, 4297.03, 6616.53, 5066.5, 4255.41, 3089.52, 4546.51, 3591.82, 3627.32, 4278.11]","[40369.75, 41608.57, 42054.85, 41758.47, 43344.83, 50595.84, 49926.03, 48256.47, 47450.35, 46853.87, 44292.82, 44529.57, 42217.29, 40988.92, 40626.82, 40047.69, 38709.16, 37923.76, 39459.66, 39253.11, 38213.26, 35604.33, 34865.23, 32359.3, 30898.11, 29895.38]"
da,6000,speaker_8,0.10204081632653061,0.07011866235167206,0.7918301820755005,"[463.57, 278.32, 147.68, 180.19, 140.87, 334.39, 159.73, 216.34, 180.77, 395.56, 235.15, 1002.97, 238.62, 311.38, 363.46, 213.6, 177.38, 260.15, 649.7, 330.76, 895.98, 303.3, 353.9, 186.01, 218.87, 368.53, 348.68, 917.49, 189.86, 322.04]","[1100.84, 1167.19, 1224.39, 1141.77, 897.7, 978.83, 1001.01, 925.97, 893.17, 1000.28, 825.43, 1002.4, 1111.97, 1235.93, 959.97, 890.17, 1073.08, 1052.26, 822.67, 840.07, 1096.36, 1002.62, 975.37, 1279.75, 1133.94, 973.95, 971.22, 895.84, 1049.58, 871.31]","[9229.59, 6937.42, 8411.98, 4090.08, 4406.71, 4663.58, 3427.62, 3274.89, 3859.34, 5375.86, 2700.78, 5467.09, 4113.34, 5103.4, 3341.41, 3429.1, 3430.87, 3981.01, 2613.87, 3840.6, 5075.45, 3560.24, 4568.69, 5401.72, 3485.82, 4732.75, 3638.65, 3817.73, 3568.72, 2549.77]","[40563.37, 42401.83, 45707.87, 44687.64, 43797.25, 42539.87, 40857.21, 39026.08, 37792.18, 37247.69, 34872.71, 35234.88, 34267.65, 33892.95, 31938.57, 30285.25, 28641.48, 27348.29, 24892.06, 22822.42, 22610.48, 20482.83, 19137.61, 19249.28, 17645.54, 17280.44, 15419.46, 13955.3, 12439.52, 10107.97]"
da,6000,speaker_9,0.1134020618556701,0.08001916626736943,0.7880306839942932,"[465.03, 312.04, 163.96, 126.58, 149.33, 130.84, 296.0, 190.52, 231.85, 279.79, 317.23, 181.64, 178.93, 881.34, 402.71, 821.2, 725.8, 496.39, 197.83, 203.54, 218.31, 189.05, 401.87, 470.22, 1086.14, 480.23, 189.3, 700.82, 1016.04, 271.25, 660.89, 784.1, 832.04, 790.28, 388.28, 196.63, 1136.02, 211.99, 257.57]","[754.84, 872.99, 924.23, 1106.36, 906.0, 930.74, 892.03, 883.21, 658.39, 620.15, 943.73, 960.36, 1138.65, 1080.98, 936.54, 1159.76, 1111.04, 823.19, 747.49, 1019.83, 967.58, 812.76, 737.43, 933.37, 1133.23, 1186.35, 1112.74, 721.23, 735.65, 979.49, 1043.54, 926.6, 977.09, 817.92, 625.86, 705.22, 887.85, 1077.98, 879.49]","[8129.62, 4652.37, 6337.29, 37103.74, 3682.18, 4562.88, 3279.82, 4656.79, 1843.35, 3886.42, 4511.75, 3162.74, 4533.21, 3528.86, 3863.16, 4740.49, 4525.05, 4678.56, 4537.34, 5833.52, 3790.95, 4172.85, 3609.83, 4393.57, 3142.08, 6606.26, 3344.84, 2389.79, 1778.4, 5242.84, 3891.95, 3084.39, 5285.16, 3059.18, 2919.6, 2737.5, 4324.24, 6125.84, 1256.15]","[39404.0, 38948.44, 40185.17, 71979.31, 70566.4, 70028.93, 67593.07, 67136.33, 63884.31, 61453.05, 60043.09, 58106.63, 57530.89, 55751.38, 53899.24, 52834.38, 51979.08, 50899.27, 50301.97, 50801.76, 49456.0, 48264.59, 46731.82, 45349.89, 42306.29, 43767.3, 41953.06, 38983.84, 35183.41, 35069.17, 33605.27, 31318.1, 31426.89, 29295.32, 26850.35, 24233.96, 23394.44, 23925.78, 23525.69]"
da,6000,speaker_10,0.13988095238095238,0.08146964856230032,0.7583267092704773,"[434.51, 277.77, 351.86, 350.27, 153.48, 162.14, 173.5, 177.75, 212.7, 291.85, 981.41, 367.17, 230.83, 323.66, 294.71, 891.56, 666.74, 654.61, 651.53, 286.39, 685.56, 346.69, 725.18, 187.61, 826.98, 253.21, 988.97, 927.04, 1031.82, 993.76]","[945.1, 1166.23, 1196.34, 1169.9, 1231.06, 1198.18, 1079.08, 1145.15, 1164.12, 1028.7, 1234.85, 1288.03, 1244.08, 1122.55, 1101.2, 925.97, 667.36, 651.81, 961.95, 1071.32, 1154.72, 1061.96, 1227.88, 1383.4, 1323.02, 1172.96, 1136.57, 1089.93, 1167.3, 841.81]","[8876.69, 10675.1, 5284.63, 5087.18, 4430.75, 4264.84, 3854.85, 6551.87, 4548.42, 4695.34, 4446.79, 4723.13, 6104.27, 4105.69, 3566.91, 2663.88, 1850.26, 2965.94, 5004.09, 4326.4, 3255.85, 4823.32, 5305.59, 5723.81, 4870.83, 6657.01, 3779.21, 4318.76, 4702.68, 2775.83]","[39781.74, 45072.38, 44310.21, 44204.1, 43459.11, 42508.42, 41002.07, 42359.37, 41711.7, 41177.8, 40034.66, 39373.98, 40089.59, 39041.28, 37030.06, 33898.05, 30576.93, 28171.8, 28011.07, 27180.28, 25082.9, 24743.96, 24909.63, 25079.46, 24806.62, 26124.53, 23725.73, 22892.75, 22423.04, 21471.09]"
