language,chunk_size,speaker,wer,cer,comet-score,stt_time,tt_time,tts_time,total_time
da,3000,speaker_1,0.18565400843881857,0.13185185185185186,0.47175052762031555,"[465.0, 290.78, 74.47, 77.17, 96.8, 72.36, 300.56, 71.55, 273.26, 231.25, 122.39, 511.72, 273.43, 251.86, 237.62, 242.76, 249.17, 122.74, 135.31, 161.59, 128.87, 136.36, 148.99, 137.98, 276.53, 133.32, 280.98, 803.62, 105.76, 118.85, 188.17, 318.58, 133.53, 314.75, 145.56, 135.54, 115.18, 126.55, 274.14, 318.12, 261.13, 289.67, 149.26, 118.46, 126.3, 150.36, 291.94, 136.74, 189.65, 148.13, 137.16, 132.68, 135.78, 118.44, 176.46, 326.76, 127.34, 155.8]","[468.52, 698.07, 707.14, 583.95, 560.27, 664.52, 756.89, 687.44, 689.0, 752.63, 586.32, 570.6, 600.2, 607.96, 647.32, 609.7, 495.36, 470.57, 463.98, 468.54, 468.59, 470.55, 409.06, 492.34, 519.52, 466.25, 431.88, 605.33, 495.39, 363.02, 416.03, 625.96, 656.6, 629.71, 691.89, 687.96, 584.35, 653.82, 547.59, 468.18, 545.58, 668.62, 535.38, 524.47, 620.69, 550.96, 534.51, 571.91, 622.99, 653.76, 498.56, 501.2, 552.44, 665.8, 653.4, 658.36, 751.33, 776.73]","[3931.76, 4585.22, 2566.47, 1974.68, 1156.18, 3290.15, 2350.47, 2053.91, 4694.15, 3111.21, 1525.96, 1880.52, 1560.63, 1761.83, 1859.95, 1167.63, 1465.53, 1538.85, 763.76, 1044.84, 1521.88, 2279.39, 1366.35, 1490.2, 1030.01, 1138.63, 909.05, 2015.78, 756.43, 1318.99, 1491.65, 2208.94, 1321.56, 2081.14, 1772.84, 2038.82, 1906.18, 1307.07, 961.68, 783.11, 2424.93, 1998.71, 1418.02, 2029.71, 1188.49, 466.21, 2128.79, 1423.07, 1130.0, 1882.63, 2492.08, 1133.21, 1548.02, 3217.3, 2123.51, 2444.07, 1535.85, 2619.24]","[39083.73, 41639.09, 41971.04, 41905.54, 41019.76, 42264.19, 41768.04, 41571.78, 43817.38, 44063.23, 43547.1, 43192.75, 42104.03, 41411.57, 41022.12, 39528.89, 38547.94, 37431.88, 36145.94, 35150.91, 34234.09, 34473.76, 33806.06, 32640.29, 31434.26, 30333.0, 28796.61, 28165.55, 26889.99, 25568.08, 25027.72, 24995.62, 23872.33, 23295.42, 22614.93, 22621.42, 22487.09, 21347.27, 19867.2, 18617.32, 17994.94, 17142.94, 16116.31, 15697.13, 14852.74, 13276.49, 13158.67, 12551.6, 11649.82, 10876.18, 11333.94, 10219.19, 9740.75, 10935.12, 11021.73, 11014.78, 10313.13, 10500.26]"
da,3000,speaker_2,0.12267657992565056,0.10306588388780169,0.48535990715026855,"[355.11, 234.54, 111.26, 225.13, 73.42, 272.21, 105.3, 86.66, 107.38, 70.53, 114.28, 70.14, 105.97, 94.41, 283.65, 98.94, 272.57, 287.72, 140.73, 160.07, 136.46, 290.53, 435.46, 195.21, 125.27, 254.27, 346.4, 141.17, 165.45, 299.54, 249.8, 151.77, 128.27, 251.13, 255.27, 144.58, 138.48, 155.23, 125.04, 144.41, 265.82, 145.36, 162.93, 284.05, 164.39, 282.94, 330.68, 164.96, 227.98, 358.9, 276.96, 135.5, 161.71, 496.41, 120.54]","[390.12, 663.88, 717.59, 711.52, 697.74, 633.41, 626.09, 608.07, 558.56, 602.45, 570.58, 596.4, 643.81, 498.74, 598.61, 682.89, 624.61, 674.68, 596.54, 516.77, 621.13, 569.27, 703.75, 782.76, 668.96, 569.11, 565.67, 645.05, 603.35, 660.01, 646.13, 459.35, 482.48, 545.45, 559.68, 466.92, 492.73, 574.56, 582.77, 594.35, 561.77, 496.77, 496.11, 541.28, 531.01, 546.16, 610.08, 550.58, 701.98, 920.44, 688.46, 531.35, 456.89, 794.2, 704.24]","[3349.17, 6736.71, 2560.19, 2505.21, 2151.09, 2144.88, 1635.2, 1870.76, 1764.12, 3028.68, 1479.9, 3015.68, 2011.82, 1683.37, 1980.84, 1506.82, 2001.74, 2095.97, 1795.36, 2001.11, 1516.53, 1021.99, 6437.95, 2340.63, 1785.17, 834.55, 1411.64, 2512.04, 765.68, 3644.22, 2063.37, 1015.52, 2339.08, 1783.77, 2086.58, 2041.9, 3475.71, 2146.56, 2599.33, 1594.43, 1574.26, 1943.95, 2560.83, 2434.18, 2649.84, 2325.78, 1204.76, 409.27, 3593.13, 2709.92, 3495.24, 1409.87, 1205.19, 6229.03, 1420.04]","[35282.35, 39370.81, 39473.73, 39730.64, 39831.64, 39731.43, 39325.61, 38950.78, 38672.23, 39663.57, 39117.47, 39883.4, 39853.11, 39495.6, 38422.83, 37885.62, 37037.53, 36477.13, 36232.51, 35583.36, 35060.54, 33040.25, 37447.19, 37750.19, 37303.59, 36103.12, 35262.05, 35742.94, 34467.84, 36075.25, 35901.36, 34681.66, 34784.06, 34324.4, 34384.58, 34398.28, 35639.51, 35554.54, 36117.98, 35467.48, 34595.16, 34307.77, 34830.25, 34418.91, 34828.23, 34707.63, 33270.17, 31643.4, 33207.35, 33272.0, 34118.77, 33283.12, 32458.59, 36048.47, 35229.73]"
da,3000,speaker_3,0.22330097087378642,0.15767386091127097,0.46030035614967346,"[378.74, 269.64, 109.72, 239.64, 258.16, 71.63, 76.43, 94.83, 115.93, 80.44, 90.79, 105.31, 226.44, 224.11, 92.01, 71.24, 100.28, 266.36, 126.82, 263.06, 279.41, 149.41, 128.44, 262.31, 123.32, 263.37, 292.13, 150.83, 269.46, 161.48, 315.5, 309.39, 302.76, 128.97, 131.98, 261.28, 169.13, 144.3, 303.43, 137.72, 139.12, 148.34, 137.04, 113.69, 132.18, 141.48, 145.09, 309.42, 148.6, 165.43, 166.85, 277.31, 321.02, 132.4, 286.78, 178.89, 131.39, 157.47, 142.43, 217.49, 190.03, 193.67, 241.33, 179.2, 335.1, 161.84, 792.4, 353.33]","[436.94, 726.27, 693.05, 580.69, 601.27, 590.44, 600.1, 604.86, 552.94, 476.19, 576.92, 640.06, 579.34, 569.38, 654.19, 687.42, 604.91, 644.55, 567.44, 514.85, 502.24, 654.97, 658.73, 698.12, 652.51, 608.39, 890.57, 682.51, 683.13, 651.71, 626.76, 581.89, 407.21, 464.27, 470.75, 466.1, 572.68, 596.63, 582.55, 627.96, 631.83, 466.05, 439.18, 534.92, 574.1, 479.47, 477.0, 489.08, 537.68, 430.84, 517.28, 609.41, 468.43, 607.12, 646.27, 486.84, 635.19, 634.47, 464.8, 595.43, 563.31, 445.23, 417.43, 597.35, 724.31, 611.89, 554.97, 811.35]","[3126.15, 4475.46, 1088.29, 4526.81, 1895.96, 2489.47, 1694.51, 1825.85, 1389.78, 1401.78, 1981.74, 2874.18, 1671.76, 2478.62, 2589.06, 1762.56, 1472.24, 2351.15, 1624.73, 1626.78, 2111.28, 1485.8, 2379.05, 1520.78, 1638.08, 1594.58, 3324.53, 1093.8, 2440.88, 429.32, 3270.58, 1190.12, 1559.07, 1324.96, 971.59, 1377.04, 1992.08, 892.47, 2473.5, 2370.83, 2437.61, 1150.44, 770.33, 2216.51, 949.49, 2341.83, 2093.56, 1715.64, 2377.87, 1086.16, 2757.95, 1508.44, 1460.5, 3599.69, 1297.02, 2030.14, 2051.66, 1577.24, 1670.82, 1354.21, 1708.01, 1619.89, 1312.26, 1663.49, 2271.68, 1093.97, 514.38, 2553.96]","[35655.92, 38089.77, 37147.04, 39018.31, 38868.52, 39319.78, 38763.64, 38519.54, 37863.09, 37229.27, 37168.43, 37803.52, 37226.97, 37465.47, 37808.86, 37541.83, 36969.91, 37080.36, 36463.86, 35445.42, 35311.76, 34755.41, 35103.06, 34188.54, 33589.87, 32944.87, 33221.45, 32289.9, 32491.56, 30687.9, 31725.56, 29883.02, 28588.12, 27875.82, 26820.83, 25956.8, 24896.06, 23553.82, 23578.36, 23720.23, 23919.64, 23037.75, 21775.87, 21546.4, 20263.44, 20373.11, 20441.63, 19108.55, 18427.75, 17474.13, 17381.58, 16454.97, 15269.08, 16632.1, 15485.83, 15484.85, 15294.72, 14840.56, 14466.75, 12759.23, 11414.34, 11004.86, 10084.98, 9712.89, 9345.98, 8209.94, 5871.12, 6177.06]"
da,3000,speaker_4,0.09939759036144578,0.10511523327712198,0.4592950940132141,"[354.99, 282.61, 246.43, 251.93, 266.15, 230.34, 271.06, 274.1, 249.83, 266.93, 269.45, 267.37, 85.82, 283.35, 109.19, 81.88, 154.84, 358.72, 303.51, 135.83, 146.77, 115.06, 284.83, 125.35, 286.08, 271.13, 162.99, 117.98, 299.53, 140.33, 154.71, 139.75, 121.43, 143.13, 157.75, 304.92, 260.29, 146.59, 177.57, 158.59, 129.5, 133.5, 158.4, 280.47, 167.68, 335.22, 316.32, 166.45, 152.41, 129.14, 130.98, 177.45, 152.46, 169.93, 178.62, 155.4, 129.24, 307.45, 170.76, 137.54, 201.84, 134.06, 157.16, 213.68, 135.68, 133.0, 178.65, 370.03, 427.0]","[434.13, 626.93, 668.18, 788.74, 835.85, 681.52, 575.39, 626.18, 671.97, 668.48, 549.6, 599.24, 621.63, 564.52, 597.92, 647.73, 528.43, 708.11, 769.71, 488.78, 560.25, 651.16, 696.98, 687.5, 499.86, 504.78, 594.91, 536.76, 431.28, 565.42, 620.75, 493.91, 506.89, 459.56, 524.91, 592.5, 690.31, 639.44, 558.81, 428.15, 483.48, 511.79, 565.26, 546.6, 509.53, 698.96, 684.22, 578.68, 557.81, 533.92, 543.2, 577.88, 606.5, 506.17, 583.83, 767.44, 572.01, 489.23, 484.55, 504.86, 462.19, 593.83, 676.82, 573.9, 644.05, 695.06, 589.28, 560.52, 720.09]","[4734.48, 4323.06, 2695.76, 3032.03, 2476.57, 2518.79, 1003.53, 2225.84, 3436.47, 1903.78, 1175.29, 2640.24, 1937.37, 1753.7, 2768.88, 1875.85, 483.62, 4859.54, 1316.63, 1913.69, 2074.91, 2184.91, 3259.87, 1885.26, 1933.55, 1633.75, 2147.98, 828.36, 1383.74, 1914.8, 1569.44, 1449.0, 964.07, 1234.42, 1521.26, 2243.46, 1831.64, 2070.17, 1808.8, 1686.75, 983.92, 1619.41, 1402.18, 3028.92, 1134.21, 2929.46, 1275.38, 1003.77, 2238.03, 2104.73, 2522.71, 1951.41, 1965.98, 920.4, 2983.61, 2915.67, 1431.71, 1468.27, 827.23, 573.94, 1694.48, 2022.39, 1434.14, 1668.33, 2251.96, 1499.52, 2514.59, 1147.38, 2215.15]","[37507.2, 39177.6, 39624.33, 40408.3, 40222.65, 40292.44, 38639.26, 38823.71, 39600.64, 38439.26, 37361.3, 37143.44, 37035.72, 36343.02, 37065.83, 36892.11, 35336.39, 37958.18, 37028.67, 36515.21, 36556.46, 36705.81, 36916.38, 36735.6, 36401.46, 35355.28, 35446.44, 34010.99, 33133.36, 32582.32, 32109.67, 31497.71, 30391.91, 29346.2, 28787.78, 28553.59, 27709.59, 27507.09, 26846.49, 26457.29, 25178.92, 24520.65, 23856.32, 23804.21, 22871.32, 22690.32, 21284.4, 20023.89, 20210.2, 20064.44, 20542.39, 20429.75, 20128.21, 18779.45, 16607.03, 16430.88, 15801.08, 14797.34, 13358.95, 11445.44, 11069.52, 10401.72, 9782.7, 8979.23, 9194.22, 8641.68, 9075.55, 7349.05, 7104.92]"
da,3000,speaker_5,0.19710144927536233,0.15580890336590664,0.49410000443458557,"[386.93, 250.01, 74.85, 99.49, 259.34, 77.65, 86.54, 72.02, 130.18, 224.03, 71.56, 74.31, 254.71, 92.79, 237.51, 86.75, 259.02, 252.49, 277.89, 175.56, 236.99, 235.44, 147.34, 249.17, 247.15, 134.48, 138.33, 137.82, 157.62, 286.21, 150.6, 134.05, 270.9, 261.9, 155.41, 289.42, 146.39, 131.14, 125.21, 142.85, 140.34, 342.02, 122.92, 119.89, 260.12, 117.97, 145.78, 132.54, 158.21, 351.9, 141.31, 134.01, 156.15, 135.98, 128.08, 137.01, 257.43, 304.72, 139.8, 151.73, 134.77, 321.15, 142.73, 144.61, 150.8, 135.69, 184.79, 170.31, 131.43, 152.9, 125.6, 1179.17, 125.4, 180.89, 154.64, 311.21, 164.38, 420.65, 125.48, 155.35]","[458.27, 442.95, 557.87, 633.43, 606.98, 647.55, 582.15, 561.92, 594.14, 663.6, 588.95, 497.51, 513.92, 542.29, 604.4, 486.14, 498.5, 538.43, 520.95, 552.24, 649.79, 552.24, 572.05, 573.91, 596.2, 571.29, 573.45, 604.69, 646.44, 611.51, 468.4, 544.85, 699.77, 660.93, 658.52, 611.45, 461.77, 550.27, 621.44, 650.79, 546.79, 625.49, 475.41, 531.18, 571.25, 482.09, 542.25, 662.7, 637.28, 510.81, 519.18, 506.73, 512.06, 559.59, 626.09, 537.29, 555.75, 700.4, 601.76, 555.31, 577.28, 595.61, 623.11, 627.0, 570.63, 491.68, 443.67, 592.3, 629.09, 393.5, 475.57, 710.72, 560.62, 476.43, 653.9, 777.94, 663.17, 617.39, 705.05, 535.32]","[3506.37, 3064.9, 2647.15, 1875.04, 1670.03, 1934.23, 1395.57, 2115.95, 2997.65, 2016.39, 1733.47, 2436.96, 1094.84, 5191.02, 1457.29, 930.13, 1451.88, 1287.16, 1106.04, 1476.16, 2188.3, 2240.57, 2112.68, 1685.15, 1973.27, 1539.76, 2097.97, 1560.44, 1579.13, 925.08, 832.9, 1842.17, 1803.88, 2229.84, 1461.55, 1969.75, 1105.7, 1470.44, 1772.03, 1287.95, 998.36, 1307.23, 703.46, 1029.26, 1615.31, 1778.59, 1059.6, 1491.39, 1069.84, 864.76, 1312.21, 1735.11, 802.1, 1353.24, 1607.22, 1641.23, 2603.05, 1692.82, 904.83, 1605.91, 1896.18, 2866.12, 1213.5, 2614.13, 1578.5, 1193.81, 1833.58, 1269.38, 806.16, 1234.8, 2539.86, 3243.5, 1864.57, 1620.96, 1898.68, 3507.41, 911.6, 3086.82, 2007.81, 1203.96]","[35516.19, 36504.22, 36868.22, 36666.97, 35834.18, 35687.14, 35009.93, 34824.49, 35740.79, 35051.02, 34719.82, 35081.41, 33278.2, 36387.51, 34754.2, 33588.44, 32131.55, 31353.95, 29961.15, 29378.83, 28901.27, 28645.48, 28682.65, 27893.78, 27583.77, 26861.78, 26907.59, 26409.96, 25914.26, 24364.05, 22915.59, 22487.15, 21822.04, 21781.84, 18924.9, 18434.99, 17301.42, 16708.58, 16415.96, 15022.19, 13948.03, 12986.81, 11424.54, 10389.55, 9314.19, 9043.6, 8032.51, 7053.23, 6067.33, 4463.51, 3505.46, 3174.81, 1910.5, 2049.2, 2361.88, 2315.9, 3416.78, 2698.76, 1646.77, 2313.91, 2608.82, 3783.59, 2719.36, 3386.09, 2895.16, 1821.65, 2462.81, 2032.47, 1567.05, 1781.97, 3141.5, 5136.71, 4703.83, 3824.4, 3678.85, 4597.02, 2819.74, 4125.65, 3858.65, 1895.23]"
da,3000,speaker_6,0.17989417989417988,0.1554192229038855,0.49705663323402405,"[397.67, 226.15, 239.15, 261.31, 233.17, 290.25, 255.53, 289.36, 294.18, 129.58, 90.83, 286.4, 87.03, 240.22, 281.28, 102.64, 133.07, 164.2, 275.16, 123.78, 127.33, 134.59, 136.85, 250.31, 128.02, 155.21, 147.68, 171.18, 120.83, 255.01, 131.8, 193.78, 294.34, 155.87, 126.55, 145.79, 290.96, 161.38, 123.68, 128.97, 195.2, 150.02, 132.97, 161.31, 123.29, 123.49, 299.44, 322.64, 126.12, 149.94, 142.3, 161.73, 148.12, 260.83, 128.54, 138.99, 163.84, 343.46, 147.2, 341.08, 134.35, 175.16, 161.99, 376.07, 161.64, 129.75, 344.79, 147.34, 175.58, 172.86, 143.8, 136.29, 150.08, 140.42, 334.91, 202.35, 176.01, 191.33, 144.81]","[547.65, 764.7, 695.98, 581.64, 611.13, 590.67, 582.93, 611.84, 664.8, 641.1, 591.48, 680.12, 566.68, 463.17, 414.12, 488.47, 541.02, 492.8, 682.09, 676.64, 595.29, 504.35, 978.01, 539.51, 487.39, 577.62, 597.83, 523.47, 494.7, 522.76, 516.46, 465.62, 496.84, 608.99, 653.71, 586.36, 602.09, 591.14, 634.55, 589.27, 648.9, 550.64, 1419.58, 620.9, 567.42, 511.72, 506.88, 562.21, 442.16, 427.4, 605.84, 598.27, 595.92, 630.11, 453.35, 495.41, 447.93, 502.3, 584.31, 498.62, 574.92, 617.03, 519.47, 629.03, 892.9, 747.5, 500.04, 576.77, 700.87, 859.38, 958.2, 782.06, 730.92, 617.7, 630.63, 649.53, 680.45, 700.53, 685.77]","[5983.4, 2416.09, 1725.83, 1800.74, 2124.01, 1426.85, 3725.28, 849.59, 4811.25, 1548.07, 2542.88, 2385.94, 1421.93, 2042.41, 1102.18, 1828.26, 1233.47, 1172.99, 1652.29, 783.18, 2229.98, 1312.39, 2905.84, 1613.12, 1568.77, 2042.75, 1385.03, 1461.35, 1577.58, 1296.85, 1458.94, 1340.57, 1248.42, 2242.0, 965.3, 2054.86, 2578.35, 1792.59, 2680.16, 2153.66, 2136.9, 274.32, 3379.5, 1214.69, 973.4, 1607.73, 1136.15, 1487.94, 430.55, 1041.68, 2155.18, 1239.23, 2269.66, 1588.63, 1072.11, 1293.71, 416.21, 1507.8, 423.82, 1366.36, 3472.9, 1193.02, 471.24, 2060.16, 3204.09, 2799.95, 1956.55, 1560.62, 1576.34, 2667.67, 1882.06, 2008.75, 2235.82, 438.46, 2036.45, 1235.85, 1406.92, 2610.86, 2042.6]","[38009.6, 37717.42, 37361.69, 36031.58, 35892.45, 35020.73, 36030.72, 34588.77, 37326.91, 36793.94, 37069.37, 36329.44, 35683.67, 35446.38, 34080.14, 33832.27, 32791.62, 31903.55, 30669.54, 29374.85, 29335.23, 28575.06, 29190.74, 28557.12, 28048.21, 27411.86, 26532.08, 25937.73, 25430.49, 24238.17, 23626.88, 22909.13, 21458.08, 21442.65, 19735.89, 19511.75, 19788.3, 19100.73, 19724.47, 19825.5, 19895.16, 17912.08, 18808.19, 17533.27, 16243.91, 15787.26, 14034.64, 13251.71, 11413.42, 8310.95, 7990.77, 6964.05, 6343.33, 5253.12, 4257.37, 2872.02, 1214.58, 2354.28, 1155.71, 2206.87, 4182.63, 3313.27, 1713.54, 3066.22, 4259.08, 4591.57, 3428.4, 2936.44, 2453.17, 3700.45, 3514.79, 3456.29, 3438.63, 1798.03, 3003.08, 2088.17, 2263.79, 3503.07, 3287.51]"
da,3000,speaker_7,0.19932432432432431,0.1338962605548854,0.4888734519481659,"[407.52, 254.18, 123.26, 81.2, 132.45, 86.66, 137.78, 105.86, 79.14, 237.47, 226.63, 75.46, 116.73, 86.84, 240.39, 256.93, 256.36, 276.61, 123.04, 249.21, 122.01, 266.85, 283.54, 275.84, 252.4, 136.2, 301.79, 129.12, 135.31, 144.91, 162.95, 161.61, 302.05, 170.43, 129.98, 155.99, 133.8, 128.08, 167.63, 142.66, 328.02, 142.4, 143.61, 124.18, 141.94, 132.31, 135.04, 169.85, 137.83, 182.03, 130.29, 157.74, 142.12, 288.01, 136.46, 156.6, 173.36, 114.84, 175.99, 340.36, 187.48, 132.71]","[449.72, 572.81, 555.49, 667.6, 648.01, 498.88, 678.3, 586.62, 578.86, 646.56, 643.4, 713.19, 855.01, 915.25, 813.46, 618.53, 624.15, 621.82, 602.27, 720.3, 686.2, 550.1, 530.91, 608.71, 609.08, 579.61, 576.68, 663.6, 717.48, 497.16, 450.14, 484.24, 610.32, 679.01, 635.47, 501.46, 485.38, 564.43, 499.31, 540.28, 673.3, 605.37, 591.52, 635.61, 704.67, 544.32, 569.48, 516.04, 571.99, 634.68, 540.07, 488.79, 475.78, 524.81, 618.02, 564.09, 570.31, 596.87, 614.15, 777.98, 880.87, 778.75]","[3543.77, 2691.73, 1617.28, 3708.1, 1579.76, 2692.92, 1955.02, 1291.16, 2108.68, 2209.83, 2009.56, 2269.74, 2869.18, 2516.74, 2533.62, 1087.73, 1789.22, 1370.5, 1973.69, 4722.74, 2284.72, 1364.49, 1817.57, 1751.04, 1797.05, 1175.53, 1374.43, 2461.96, 1976.35, 1420.31, 895.54, 1378.31, 2500.88, 2813.51, 1955.93, 1179.72, 1830.56, 1467.55, 876.07, 2246.64, 1186.07, 1629.53, 2210.16, 2873.4, 2584.39, 1348.8, 1839.96, 1410.81, 2015.22, 1030.88, 1111.56, 1702.3, 924.15, 2613.56, 1791.28, 1847.3, 1588.73, 1662.29, 1359.1, 3595.44, 3348.69, 1758.68]","[35382.38, 35800.54, 35340.63, 36960.92, 36449.94, 37073.61, 36729.88, 35946.49, 35989.69, 35707.01, 35433.42, 35629.32, 36206.17, 36439.35, 36492.66, 35084.07, 34586.27, 32849.28, 32768.65, 34374.56, 34608.14, 33716.67, 33036.75, 32306.67, 31411.64, 30504.19, 29199.62, 29607.24, 29103.1, 28251.29, 27080.92, 26386.4, 26188.61, 26515.4, 26383.01, 25488.76, 25041.53, 24457.93, 23262.57, 23456.87, 22173.25, 21735.61, 21679.7, 22475.4, 23000.48, 22269.06, 21827.0, 21160.67, 21114.37, 20103.77, 18953.04, 18612.58, 17485.76, 17650.6, 17360.35, 16955.73, 15466.6, 14647.66, 13930.56, 15273.81, 16572.38, 15881.17]"
da,3000,speaker_8,0.1282798833819242,0.12459546925566344,0.5310248136520386,"[404.74, 255.58, 112.01, 83.93, 248.83, 100.41, 116.3, 245.73, 73.15, 230.2, 88.35, 110.93, 107.47, 75.81, 231.29, 186.43, 279.46, 143.71, 161.57, 138.02, 141.86, 179.92, 182.02, 150.49, 157.11, 246.23, 186.7, 160.1, 302.47, 148.19, 303.09, 168.01, 152.72, 282.13, 325.08, 126.61, 256.21, 275.01, 114.47, 159.22, 152.44, 138.18, 163.58, 165.02, 124.74, 151.2, 141.8, 140.61, 204.88, 250.14, 129.42, 144.63, 169.89, 188.06, 166.4, 130.21, 123.75, 128.05, 144.74, 151.42, 352.86, 166.89, 186.75, 134.47, 140.61, 161.71, 160.84, 151.54, 331.51, 126.19, 294.25]","[422.64, 633.12, 606.3, 630.58, 629.39, 740.52, 751.15, 647.92, 677.82, 657.19, 607.88, 581.85, 495.33, 587.61, 621.39, 520.82, 496.56, 566.9, 630.39, 538.71, 485.74, 487.79, 566.89, 592.55, 595.57, 541.68, 526.82, 540.38, 805.09, 810.06, 773.03, 828.04, 748.26, 665.95, 664.8, 636.48, 537.86, 594.42, 601.35, 439.73, 571.39, 651.79, 579.82, 488.0, 383.26, 466.41, 509.05, 592.72, 596.12, 590.44, 558.5, 492.63, 506.44, 598.31, 594.36, 505.66, 537.13, 624.36, 556.83, 432.56, 617.05, 655.49, 602.73, 646.96, 546.79, 490.9, 539.22, 520.92, 540.41, 566.95, 606.9]","[3736.78, 3660.74, 1629.48, 2150.99, 2309.12, 3887.94, 2166.55, 1965.07, 1765.9, 3688.6, 1636.11, 1893.93, 975.31, 2541.3, 1558.66, 1278.69, 988.83, 1922.0, 1881.79, 1675.51, 2229.06, 1685.16, 1268.24, 2294.92, 1236.84, 1952.41, 1666.94, 1064.77, 7117.29, 432.27, 3287.22, 2051.71, 2888.77, 426.95, 3144.1, 1745.76, 1878.7, 1217.4, 1246.28, 1231.53, 1439.32, 1739.87, 2064.07, 1592.36, 1144.41, 1851.51, 1623.65, 1821.3, 2679.55, 2052.77, 1741.69, 1288.66, 1421.6, 1289.18, 1496.21, 1154.77, 1076.71, 3999.5, 1731.04, 1133.22, 2765.39, 1034.58, 2460.68, 1216.44, 962.36, 819.55, 1188.84, 1773.81, 1140.97, 967.01, 1090.36]","[35877.56, 37451.0, 37016.07, 36876.24, 36889.78, 38495.16, 38384.28, 37227.16, 36910.88, 37698.0, 37266.47, 37084.67, 35979.72, 36234.69, 35294.54, 34496.3, 32806.1, 32657.77, 32263.18, 31872.14, 32035.03, 31662.34, 30855.24, 30884.46, 30045.26, 29721.14, 29333.15, 28120.32, 32762.6, 30734.88, 31756.74, 31750.37, 32580.25, 30333.71, 31403.22, 31065.52, 30267.6, 29220.77, 28409.41, 27573.98, 26748.15, 26419.18, 26411.69, 25312.32, 24394.62, 23773.83, 23333.85, 23065.89, 22849.62, 22621.46, 22102.95, 21317.32, 20684.97, 19909.67, 19115.33, 18211.04, 17218.31, 19158.82, 18635.09, 17710.25, 18427.24, 17388.58, 17577.35, 16739.37, 15435.89, 14217.86, 13135.11, 12851.39, 11309.05, 10230.06, 8215.58]"
da,3000,speaker_9,0.14690721649484537,0.1456636320076665,0.4482486844062805,"[434.56, 270.83, 252.25, 264.16, 84.93, 238.32, 273.01, 240.44, 70.72, 73.93, 254.23, 254.5, 110.2, 135.44, 277.09, 299.39, 277.0, 138.58, 135.24, 124.79, 157.32, 313.08, 278.6, 122.72, 128.82, 161.12, 129.54, 139.53, 785.17, 164.97, 342.53, 278.22, 181.54, 205.43, 290.98, 353.31, 289.09, 277.34, 123.54, 115.86, 123.39, 146.42, 342.95, 150.67, 149.65, 135.48, 133.4, 142.6, 150.93, 139.77, 161.74, 385.87, 128.07, 178.75, 181.16, 162.16, 134.13, 203.49, 183.1, 133.11, 127.76, 187.41, 360.11, 135.63, 313.2, 333.89, 150.22, 395.61, 130.68, 143.74, 175.55, 390.17, 140.51, 160.59, 174.91, 129.18, 161.93, 121.82, 745.32, 355.66, 174.62, 311.54, 401.71, 132.06, 172.32, 166.12, 180.78]","[464.14, 548.23, 580.18, 574.5, 613.76, 674.08, 771.86, 685.83, 550.03, 606.45, 614.01, 591.22, 609.84, 605.38, 552.19, 607.43, 674.32, 689.65, 638.92, 619.08, 565.55, 582.46, 639.03, 566.28, 617.89, 657.62, 552.23, 572.44, 614.12, 558.98, 482.59, 508.55, 437.42, 595.66, 690.56, 658.81, 680.0, 691.86, 502.42, 336.04, 418.2, 506.3, 602.84, 673.16, 651.52, 468.51, 560.68, 493.83, 458.3, 532.29, 508.05, 606.0, 635.19, 559.7, 538.08, 690.04, 754.82, 557.92, 531.11, 703.68, 678.27, 604.52, 550.12, 557.58, 509.02, 679.72, 619.26, 515.62, 658.15, 634.13, 540.78, 843.2, 1013.05, 539.8, 592.3, 576.04, 567.47, 564.3, 539.16, 536.93, 501.24, 566.42, 563.21, 638.33, 635.69, 660.48, 655.02]","[4550.12, 2655.68, 2676.45, 1618.05, 5690.07, 1572.06, 16262.79, 1940.14, 1639.3, 1570.37, 1933.81, 1570.73, 2778.39, 1967.0, 1714.03, 1092.85, 3007.31, 2261.2, 1987.7, 1831.14, 1442.8, 1307.88, 2317.77, 1340.11, 2420.75, 1574.99, 1705.82, 1877.76, 1819.4, 1151.99, 1086.37, 1262.9, 1486.47, 3058.74, 1335.49, 3272.86, 2969.36, 2872.62, 1448.04, 1774.7, 2500.47, 1554.18, 1861.4, 2840.15, 1322.3, 1248.45, 2575.65, 982.1, 2218.26, 1379.78, 559.66, 2766.88, 1828.39, 874.63, 1494.62, 2560.86, 1229.65, 1314.1, 1428.79, 3657.77, 1738.96, 1475.7, 1726.45, 1017.54, 752.97, 1699.23, 479.71, 1071.13, 1663.53, 1482.48, 482.43, 3528.04, 991.24, 2366.67, 1333.24, 2491.69, 2778.14, 1134.82, 1095.2, 1959.73, 1803.02, 1412.23, 2405.11, 1696.98, 1757.05, 3661.95, 1912.22]","[36543.69, 36713.65, 36710.27, 36046.41, 39647.56, 38504.91, 51647.59, 50678.15, 50245.54, 49734.34, 49392.26, 48878.93, 49582.6, 49505.0, 48732.76, 47315.35, 47423.57, 47412.75, 46926.83, 46702.73, 46083.3, 44282.74, 43700.33, 42996.07, 42933.86, 41626.0, 41252.94, 41052.58, 40815.99, 39284.88, 38093.3, 37093.36, 35484.17, 36064.83, 34937.21, 36144.43, 36223.67, 36821.63, 35999.49, 35707.86, 36135.8, 35622.5, 35006.2, 35787.94, 34819.23, 33602.96, 33921.39, 32637.54, 32791.36, 31879.0, 30181.06, 30867.51, 30433.24, 29261.6, 28274.64, 27944.83, 27092.93, 26342.25, 25716.14, 27093.22, 26747.0, 26154.24, 25407.41, 24156.85, 22843.01, 22052.5, 20470.24, 19090.47, 18286.84, 17502.03, 15750.86, 17206.26, 15919.5, 16234.39, 15307.19, 15325.51, 15620.46, 14493.98, 12501.38, 11775.69, 11293.56, 10234.16, 9578.74, 8829.13, 8514.93, 9909.39, 9136.25]"
da,3000,speaker_10,0.17261904761904762,0.13099041533546327,0.5291357040405273,"[435.4, 238.11, 105.71, 293.61, 292.33, 85.61, 281.68, 91.33, 120.95, 237.52, 80.39, 96.63, 263.36, 314.46, 79.62, 300.1, 146.41, 223.72, 184.67, 250.38, 261.84, 139.08, 171.34, 139.95, 130.23, 153.07, 299.75, 159.27, 163.72, 318.68, 271.17, 268.96, 276.42, 150.02, 330.52, 313.2, 156.21, 288.68, 128.98, 155.08, 194.87, 167.69, 161.95, 222.61, 171.59, 122.47, 169.6, 154.27, 143.69, 168.47, 143.06, 153.18, 144.35, 192.79, 166.45, 135.67, 132.29, 140.59, 353.75, 174.08, 143.13, 145.85, 191.12, 306.34, 180.19, 133.02, 194.11, 338.04]","[620.4, 509.58, 646.66, 775.78, 580.6, 539.77, 674.73, 698.27, 634.25, 596.04, 727.85, 786.65, 622.16, 726.03, 749.09, 581.83, 635.61, 686.23, 661.61, 668.95, 668.26, 666.18, 658.96, 676.87, 803.56, 703.83, 664.53, 670.21, 741.31, 731.27, 746.42, 744.67, 717.7, 687.38, 556.88, 688.92, 687.63, 525.72, 477.92, 461.41, 444.43, 442.32, 567.27, 756.62, 666.48, 690.87, 824.53, 661.85, 638.33, 546.23, 626.4, 828.33, 673.58, 689.73, 741.43, 853.05, 791.67, 662.09, 664.3, 536.53, 532.04, 646.36, 647.86, 690.02, 570.87, 553.12, 557.35, 617.12]","[3967.67, 1555.72, 3064.7, 4523.76, 1030.89, 2247.12, 3235.52, 1992.29, 1615.17, 2061.53, 3192.98, 2061.79, 1620.91, 2397.59, 1721.33, 1235.85, 2215.23, 2099.75, 3081.23, 1885.25, 1809.03, 2218.5, 2769.82, 1912.89, 2632.65, 1006.95, 2824.39, 2334.31, 4662.79, 1651.84, 2218.85, 2105.31, 2856.62, 1815.62, 1197.0, 2924.26, 1711.16, 2121.15, 1074.5, 396.82, 1158.08, 1993.6, 1505.42, 3409.42, 1568.67, 2332.04, 1651.11, 1149.88, 2323.02, 1581.58, 2313.17, 2684.15, 1677.07, 1435.41, 2598.14, 3620.42, 2088.74, 3541.03, 2287.08, 1485.73, 1830.96, 1830.19, 1137.11, 2384.14, 1149.81, 1753.74, 1347.7, 2031.06]","[36903.67, 36378.29, 37161.75, 39202.16, 37729.83, 37907.31, 38025.65, 37924.95, 37447.5, 37021.64, 38133.85, 38109.62, 37233.24, 37347.01, 37002.12, 35738.23, 35661.75, 35686.72, 35881.26, 35500.48, 35228.44, 35168.73, 35463.0, 35291.45, 35657.84, 34613.16, 35379.02, 35647.29, 37838.48, 37216.94, 36347.98, 35985.33, 36180.68, 35934.72, 34244.95, 35105.63, 34537.18, 34393.67, 33189.08, 31508.62, 30405.36, 30344.62, 29786.07, 30525.38, 30020.85, 30090.72, 29256.82, 28139.8, 28392.69, 27913.83, 28147.08, 28557.17, 28195.59, 27563.84, 28105.49, 29019.58, 29054.03, 30504.59, 30113.44, 29339.84, 29096.46, 28048.3, 26301.16, 26019.93, 25101.51, 24589.34, 23886.72, 23059.54]"
da,3500,speaker_1,0.18143459915611815,0.10740740740740741,0.4670499861240387,"[447.75, 313.58, 108.49, 124.1, 78.26, 130.65, 352.83, 243.36, 241.85, 77.71, 283.33, 95.1, 235.76, 138.2, 136.85, 270.6, 259.2, 244.86, 152.14, 165.82, 138.03, 140.39, 148.14, 302.44, 134.0, 299.49, 263.65, 308.88, 129.53, 197.12, 173.5, 268.77, 145.61, 286.68, 175.39, 142.39, 250.43, 154.33, 139.7, 156.22, 155.95, 157.54, 142.29, 143.8, 157.48, 185.6, 291.72]","[560.62, 794.32, 787.03, 660.35, 728.35, 733.11, 787.19, 929.95, 694.98, 582.89, 608.84, 541.41, 518.85, 602.84, 533.43, 522.46, 607.15, 667.11, 739.77, 575.92, 592.05, 509.69, 499.07, 496.28, 421.16, 688.88, 883.6, 804.53, 738.15, 669.77, 714.45, 555.97, 608.35, 616.69, 557.76, 586.06, 633.32, 576.38, 576.68, 692.12, 692.93, 593.62, 648.46, 673.62, 730.67, 803.33, 1017.66]","[5196.13, 2995.65, 2697.32, 1310.48, 3814.04, 865.29, 7068.48, 2656.03, 2044.85, 1648.31, 1683.29, 1201.87, 1322.06, 1955.96, 1069.39, 1999.8, 2267.15, 2539.4, 2716.88, 1296.19, 1665.98, 1574.87, 1956.07, 1079.29, 1544.49, 2515.85, 2461.95, 2328.69, 1814.28, 2129.64, 949.92, 943.59, 2072.94, 1460.28, 949.41, 2520.36, 1673.09, 1798.64, 2151.73, 2036.63, 1513.49, 2724.42, 1910.49, 3256.77, 2798.23, 1624.23, 3568.72]","[38759.43, 39046.76, 39042.15, 37846.36, 38952.01, 37121.96, 40868.82, 40623.39, 39980.07, 38936.1, 37720.69, 36213.54, 34022.67, 33492.68, 31859.86, 30558.15, 29318.86, 28569.37, 28002.87, 25789.52, 24756.88, 23858.9, 22732.2, 20289.69, 18943.55, 18136.14, 17714.8, 16748.12, 15878.47, 15535.52, 12777.43, 11044.05, 10637.78, 9034.77, 7299.43, 7125.84, 6128.16, 5239.61, 4714.43, 4265.27, 3087.99, 3476.02, 2719.32, 4074.66, 4195.43, 3357.38, 4879.33]"
da,3500,speaker_2,0.08550185873605948,0.06718851924331376,0.5157638788223267,"[389.24, 266.09, 112.47, 95.28, 286.39, 104.38, 227.75, 239.17, 85.77, 226.39, 151.92, 299.93, 348.44, 146.62, 148.4, 304.86, 319.07, 203.07, 313.1, 130.02, 159.97, 304.67, 129.25, 272.87, 136.72, 279.08, 344.6, 154.62, 303.64, 141.24, 147.69, 327.46, 141.53, 283.4, 152.93, 144.97, 339.76, 184.81, 239.38, 281.76, 294.65, 189.55, 131.56]","[503.37, 645.64, 622.54, 709.85, 772.84, 748.25, 658.51, 620.03, 624.75, 687.03, 661.66, 523.63, 789.56, 863.04, 681.73, 619.25, 676.27, 794.26, 710.56, 817.8, 840.0, 735.85, 699.01, 607.7, 626.34, 602.68, 599.21, 620.79, 631.45, 655.04, 700.39, 653.32, 571.25, 628.4, 607.12, 658.97, 684.02, 843.31, 749.69, 693.74, 684.85, 852.49, 673.01]","[4943.04, 3757.53, 3559.37, 2845.3, 3418.11, 2559.81, 2040.37, 2619.24, 2352.06, 3071.62, 2087.25, 1117.04, 7882.76, 2326.55, 2910.51, 2657.1, 2794.57, 2945.95, 2170.21, 3895.7, 2487.62, 2758.93, 1675.41, 8575.75, 4424.43, 2924.8, 1905.98, 3599.69, 2761.86, 2182.61, 2184.35, 2495.71, 3865.86, 2595.58, 3295.97, 2556.21, 2410.93, 3283.22, 2547.35, 3845.31, 2890.81, 4773.2, 2165.44]","[37135.16, 38185.09, 39255.79, 39408.7, 39497.38, 39354.94, 38468.93, 38395.2, 38249.35, 38405.83, 37606.9, 35185.48, 40384.02, 40224.07, 40447.85, 40199.27, 39706.36, 39133.16, 37807.56, 39041.62, 36407.36, 36099.15, 35089.0, 40362.17, 42313.12, 42324.74, 40929.53, 42058.43, 41728.02, 41228.82, 40945.07, 40153.27, 41542.24, 41032.47, 41865.61, 41322.52, 40439.41, 41023.46, 41111.38, 42057.96, 41667.59, 42732.67, 42235.65]"
da,3500,speaker_3,0.20711974110032363,0.1396882494004796,0.4664442837238312,"[398.08, 279.1, 274.3, 288.27, 244.53, 271.74, 275.01, 486.27, 303.71, 249.83, 88.29, 99.74, 300.16, 97.38, 144.15, 178.93, 269.34, 264.99, 304.51, 180.4, 325.15, 298.69, 128.91, 183.95, 233.54, 161.32, 150.03, 146.78, 164.94, 376.48, 137.73, 167.33, 390.49, 189.11, 331.88, 203.23, 175.02, 304.15, 145.58, 186.63, 161.83, 211.22, 180.59, 148.58, 148.64, 406.58, 174.24, 132.48, 201.2, 501.45, 296.84, 219.51, 880.86, 143.14, 189.08, 1061.56]","[679.85, 741.44, 683.43, 685.72, 716.86, 720.66, 672.31, 693.62, 785.45, 729.69, 790.87, 670.03, 749.65, 793.55, 729.96, 532.68, 648.58, 887.06, 791.06, 622.03, 784.6, 876.97, 686.14, 657.83, 687.12, 732.35, 536.8, 592.95, 576.36, 584.07, 684.42, 607.79, 625.36, 646.18, 769.77, 802.72, 596.68, 606.38, 720.02, 599.84, 737.68, 681.07, 652.98, 688.98, 502.06, 793.58, 743.85, 606.83, 523.78, 494.33, 726.22, 544.76, 656.43, 691.89, 719.18, 890.37]","[6201.09, 2202.23, 3863.76, 2767.58, 2709.1, 2032.44, 930.56, 4594.84, 3950.21, 2611.13, 3336.61, 2811.7, 3326.04, 2988.43, 2338.43, 1898.65, 3175.08, 3134.75, 1933.83, 973.86, 3882.97, 2341.42, 2483.87, 523.44, 4199.03, 1551.82, 1831.19, 2746.48, 1368.19, 2193.2, 2159.19, 471.99, 3042.57, 527.58, 3422.88, 2165.19, 2668.63, 3058.2, 3201.99, 2594.85, 3072.78, 1550.68, 1667.17, 3228.69, 2285.66, 3671.4, 2556.42, 2063.02, 1770.94, 1794.23, 2350.36, 504.96, 1670.86, 2563.33, 1486.44, 3238.82]","[40794.05, 40305.34, 41453.55, 41114.59, 40941.03, 40505.27, 38520.58, 40411.79, 41024.94, 40722.8, 41140.3, 41457.31, 41486.41, 41974.01, 41604.1, 40389.0, 40255.24, 40281.42, 39547.93, 38043.28, 39238.77, 38894.2, 38486.89, 36543.69, 37865.79, 36935.52, 36090.32, 35751.58, 34666.08, 33157.64, 29539.75, 27309.04, 27468.81, 25297.52, 25633.3, 25320.74, 25313.79, 24864.21, 24970.26, 25099.29, 25498.41, 24591.56, 23549.19, 24103.55, 23896.89, 24466.98, 24324.25, 23719.56, 23034.62, 22135.21, 21831.46, 19865.94, 18646.7, 18537.44, 17346.71, 17498.81]"
da,3500,speaker_4,0.11144578313253012,0.09893198426082069,0.44783687591552734,"[429.09, 299.81, 77.95, 84.87, 142.11, 263.32, 281.3, 80.6, 267.25, 109.51, 313.14, 80.18, 107.6, 308.52, 194.41, 154.56, 293.19, 142.16, 133.25, 660.37, 163.87, 839.6, 350.34, 265.95, 138.73, 122.49, 1127.21, 315.61, 995.95, 126.65, 287.1, 889.1, 163.74, 860.46, 138.33, 374.59, 130.07, 518.66, 930.19, 137.16, 769.44, 140.24, 155.73, 143.97, 167.17, 231.22, 129.67, 123.76, 140.68, 300.32, 150.38, 171.03, 124.73, 338.46, 128.14, 184.37, 146.37, 574.25, 125.79]","[574.74, 591.68, 729.42, 850.39, 613.98, 637.4, 556.2, 515.65, 719.97, 660.03, 667.99, 684.79, 583.23, 641.1, 716.96, 728.77, 698.07, 634.55, 727.0, 760.12, 784.1, 710.37, 668.18, 644.18, 614.92, 646.8, 776.85, 684.48, 751.79, 712.12, 608.64, 778.76, 652.7, 662.22, 585.49, 532.92, 503.2, 674.62, 715.22, 552.02, 784.29, 730.3, 664.59, 762.76, 673.92, 694.21, 681.58, 560.44, 542.49, 487.31, 554.22, 599.87, 649.19, 761.41, 697.49, 682.1, 667.46, 630.68, 721.07]","[16180.7, 1827.5, 4193.76, 2430.25, 1896.92, 2735.47, 1283.32, 3021.93, 3712.8, 1201.18, 3469.25, 2277.16, 2106.46, 3372.34, 3261.39, 3375.84, 2092.38, 2722.96, 2528.14, 3624.6, 3564.58, 1140.58, 3253.47, 2175.52, 2611.56, 2528.15, 2780.24, 2779.91, 1632.76, 1580.96, 1379.49, 2482.19, 1721.48, 2788.53, 1746.88, 1791.49, 3338.96, 2267.78, 3721.38, 2290.56, 2598.65, 2854.79, 3353.7, 3065.41, 541.15, 18073.04, 3106.05, 2907.16, 1435.47, 2807.8, 1606.23, 2676.75, 2278.8, 3041.18, 2216.69, 3857.48, 2201.27, 1787.62, 2052.57]","[51154.35, 50297.25, 51810.3, 51738.81, 50923.74, 50768.29, 49375.44, 49880.43, 49837.21, 48340.7, 49316.05, 48888.81, 48520.47, 48783.97, 49541.56, 50210.79, 49180.89, 49024.17, 49083.59, 49417.91, 50515.82, 48369.88, 48960.25, 48456.99, 48395.29, 48235.37, 48128.0, 48036.45, 46989.41, 45899.29, 44398.85, 43583.7, 42633.11, 42943.2, 41999.66, 40281.56, 40526.06, 40320.57, 40330.17, 39522.76, 39238.97, 39213.63, 39893.78, 39843.23, 37703.45, 53306.64, 53754.63, 53956.45, 52937.05, 52452.14, 51579.28, 51367.3, 50752.65, 51085.25, 50829.15, 52007.68, 51523.95, 50209.49, 49177.92]"
da,3500,speaker_5,0.15942028985507245,0.1237785016286645,0.5078365206718445,"[413.01, 241.59, 291.2, 258.23, 119.17, 82.37, 234.49, 103.92, 78.48, 88.27, 155.4, 321.89, 230.54, 132.05, 135.68, 153.33, 138.42, 135.97, 131.14, 244.35, 242.14, 267.87, 196.32, 154.38, 277.94, 276.76, 142.22, 134.15, 162.18, 339.02, 153.91, 183.59, 335.43, 275.15, 224.64, 321.41, 302.01, 254.7, 136.86, 131.57, 165.2, 151.69, 157.46, 135.46, 157.61, 172.93, 237.17, 133.54, 166.68, 179.28, 152.52, 153.76, 299.63, 149.58, 184.1, 277.94, 143.71, 149.45, 273.3, 756.32, 184.05, 377.9, 172.08, 140.06, 184.75, 401.96, 365.83, 175.56, 129.86]","[438.31, 509.98, 618.25, 669.14, 670.85, 618.95, 727.03, 682.69, 655.99, 690.61, 569.67, 640.15, 619.71, 483.97, 508.77, 563.62, 586.54, 717.34, 552.82, 586.12, 712.47, 687.63, 637.81, 595.8, 584.95, 599.66, 605.71, 713.28, 578.44, 752.84, 752.0, 537.06, 659.42, 771.32, 552.41, 706.13, 1051.76, 528.85, 478.76, 678.48, 717.53, 603.71, 628.43, 545.36, 626.28, 567.25, 763.56, 771.31, 631.34, 653.52, 583.58, 586.32, 552.12, 697.61, 737.9, 673.43, 575.33, 589.66, 526.84, 575.85, 695.65, 543.09, 490.76, 705.68, 700.09, 587.6, 849.85, 795.42, 455.08]","[3560.53, 6025.44, 1996.16, 2570.54, 2221.91, 1876.64, 5376.91, 1912.82, 3725.35, 2531.81, 961.66, 6016.94, 1887.56, 1175.79, 2137.85, 1814.76, 2529.22, 3092.96, 2056.73, 2368.26, 2931.2, 1565.6, 3389.3, 1612.4, 1876.7, 1425.42, 2472.88, 1506.44, 1140.06, 3555.94, 2105.96, 1502.21, 3410.67, 1435.79, 473.29, 1956.46, 1330.93, 1944.41, 1983.06, 7667.47, 1719.25, 1663.86, 2329.5, 1165.1, 1776.86, 1223.22, 4131.03, 2140.81, 1732.13, 2843.59, 1346.56, 1879.36, 1587.24, 3601.84, 2081.89, 2753.75, 2255.45, 1413.86, 602.32, 1795.37, 2934.95, 1240.54, 1244.76, 3083.77, 2975.42, 597.47, 9583.26, 1574.32, 453.7]","[36597.71, 39926.16, 38803.81, 38257.92, 37761.43, 37156.8, 39609.81, 38842.25, 39850.06, 39903.56, 38174.15, 40672.27, 39849.46, 38324.54, 37992.26, 37099.08, 37144.49, 37544.6, 36519.33, 36223.58, 35824.57, 34715.75, 35233.65, 34165.89, 33370.77, 32115.77, 31925.17, 30770.7, 29451.36, 30341.68, 29572.7, 28417.74, 28518.67, 26853.68, 24445.65, 23755.36, 22210.9, 21263.97, 20571.22, 25770.1, 24176.18, 23367.15, 23016.63, 21520.83, 20834.46, 19378.03, 20823.59, 20504.83, 19135.53, 19079.45, 17745.89, 17151.13, 15414.68, 16344.53, 15956.47, 15400.17, 15170.06, 13888.11, 11796.43, 10053.78, 10095.93, 8245.11, 7014.91, 7419.34, 7302.74, 4403.9, 10914.17, 9805.17, 7581.75]"
da,3500,speaker_6,0.12433862433862433,0.10071574642126789,0.5206215977668762,"[409.29, 226.14, 78.51, 114.1, 232.24, 257.3, 117.71, 102.74, 289.72, 79.76, 267.54, 87.92, 258.42, 291.67, 249.2, 269.96, 139.28, 258.62, 123.5, 130.97, 152.5, 136.41, 279.89, 168.9, 171.49, 149.35, 131.32, 139.37, 142.17, 274.9, 159.31, 137.42, 151.38, 146.38, 153.69, 144.45, 296.39, 130.47, 277.63, 157.39, 157.28, 159.62, 145.62, 175.4, 134.83, 271.41, 131.65, 284.31, 135.98, 157.83, 293.59, 281.83, 170.04, 141.42, 149.28, 146.06, 301.69, 111.73, 145.31, 192.39, 133.51, 147.15, 176.06, 152.79, 168.9, 151.16, 151.42]","[579.67, 784.51, 691.33, 534.06, 557.85, 601.87, 658.63, 688.89, 643.11, 636.84, 474.72, 467.36, 635.19, 653.38, 752.54, 599.38, 688.43, 788.7, 599.84, 627.5, 603.69, 639.77, 693.67, 613.25, 632.22, 518.24, 560.12, 664.76, 658.04, 655.14, 658.86, 670.03, 680.18, 635.97, 627.25, 709.87, 666.21, 599.35, 596.8, 603.26, 575.42, 475.34, 451.67, 571.73, 675.56, 569.97, 428.0, 581.78, 522.14, 600.96, 618.23, 819.15, 768.77, 767.59, 799.59, 716.72, 654.83, 815.25, 849.4, 839.8, 771.9, 739.16, 636.44, 630.75, 683.84, 623.54, 609.2]","[5881.76, 2558.4, 1666.23, 1367.17, 2083.74, 1832.25, 4462.24, 1725.36, 4681.27, 2189.35, 874.65, 1864.18, 2253.4, 2139.53, 2400.79, 1361.77, 2515.11, 2055.51, 2874.6, 2149.46, 1784.66, 2451.11, 2250.68, 1330.11, 1711.0, 1463.63, 2134.61, 3211.25, 2300.01, 1346.79, 1571.05, 1747.95, 2939.41, 1925.17, 1921.27, 2694.9, 1913.34, 1737.22, 2526.13, 2012.49, 1241.78, 1775.95, 1645.86, 1930.98, 2006.92, 1339.31, 1784.46, 1444.31, 2148.85, 1300.66, 1815.96, 3065.39, 1953.44, 3434.94, 1857.36, 2692.76, 1508.89, 2057.76, 1698.85, 3354.38, 1957.7, 2264.97, 1675.25, 1582.95, 2061.08, 1322.57, 1803.87]","[38994.18, 39061.29, 38055.21, 36712.95, 36100.89, 35222.51, 36982.76, 36211.95, 37381.16, 37101.29, 35078.73, 34475.95, 33842.37, 32660.53, 32154.98, 30631.54, 30473.96, 29658.36, 29857.61, 29509.7, 28603.12, 28374.44, 27534.11, 26191.15, 25420.85, 24001.29, 23475.91, 24195.32, 23814.87, 21852.01, 20938.98, 20022.58, 20290.64, 19732.54, 18985.25, 18987.16, 17368.76, 16417.88, 15646.85, 14971.12, 13316.61, 12436.37, 11582.67, 10411.88, 9538.34, 8181.06, 7304.25, 5437.52, 4886.76, 3083.76, 2728.48, 4170.29, 3017.57, 4344.41, 3728.76, 3555.96, 2466.13, 2985.33, 2693.91, 4386.92, 3671.11, 3255.26, 2488.19, 2366.88, 2914.18, 2097.73, 2565.73]"
da,3500,speaker_7,0.17905405405405406,0.13208685162846803,0.48552241921424866,"[401.81, 260.3, 242.41, 102.05, 107.52, 107.81, 90.0, 125.12, 104.27, 255.43, 78.0, 240.33, 132.32, 262.83, 146.73, 236.29, 264.96, 248.27, 151.97, 128.61, 192.76, 260.5, 250.52, 267.03, 169.44, 155.72, 151.6, 152.31, 313.03, 151.3, 189.61, 330.86, 168.46, 149.16, 146.03, 143.53, 154.56, 139.03, 297.44, 132.36, 273.1, 128.23, 161.14, 167.32, 130.01, 328.17, 150.43, 160.31]","[435.07, 760.44, 850.07, 768.94, 612.29, 616.68, 685.29, 663.74, 612.81, 978.94, 1148.58, 971.8, 846.11, 703.36, 784.48, 705.96, 736.59, 676.77, 683.16, 659.6, 710.58, 868.42, 712.5, 518.73, 466.27, 629.92, 740.14, 880.21, 828.84, 698.12, 775.0, 740.41, 633.14, 646.72, 735.42, 707.99, 673.32, 671.98, 658.95, 553.66, 511.86, 585.83, 646.53, 614.49, 463.73, 460.0, 692.73, 926.02]","[5850.54, 4232.4, 3369.49, 1980.26, 2320.98, 1558.44, 3569.8, 1142.5, 2776.79, 4959.38, 3404.32, 3510.06, 2357.3, 1354.53, 2277.34, 2962.61, 3353.02, 2518.49, 2364.86, 1790.07, 2209.74, 2672.92, 1863.34, 1656.21, 1472.5, 2369.18, 3128.0, 3134.69, 2467.51, 1900.88, 2141.69, 2237.0, 2134.84, 2712.78, 2984.45, 2030.19, 2443.84, 1683.9, 1635.02, 1458.56, 2081.67, 2293.79, 1981.48, 1911.16, 1058.35, 1618.06, 2388.61, 3232.49]","[36735.27, 37852.95, 38515.2, 37796.48, 37623.21, 36480.27, 37536.92, 35971.64, 36051.87, 37689.03, 38394.4, 38570.83, 37843.89, 36506.45, 36318.28, 35562.4, 36012.3, 35649.69, 34715.16, 33831.12, 32515.84, 32080.36, 31047.62, 29591.2, 28380.78, 27650.05, 28317.21, 28780.29, 27949.9, 27182.57, 25830.25, 25180.98, 24645.58, 24867.22, 25159.13, 24506.39, 24480.66, 23477.77, 21803.45, 20775.49, 19970.6, 19595.6, 18493.22, 16716.44, 15306.21, 13855.4, 13555.51, 14316.8]"
da,3500,speaker_8,0.11661807580174927,0.09546925566343042,0.5710479617118835,"[333.98, 277.06, 231.61, 87.87, 84.66, 99.65, 108.55, 111.74, 284.09, 85.45, 113.29, 96.45, 88.03, 246.34, 240.65, 182.27, 298.87, 264.55, 133.86, 133.39, 152.51, 142.65, 162.54, 234.89, 268.72, 272.46, 177.21, 305.15, 137.86, 281.59, 139.62, 138.33, 288.11, 290.24, 117.66, 310.48, 145.77, 145.74, 175.66, 160.98, 297.28, 130.81, 137.74, 175.84, 173.84, 150.76, 130.11, 266.24, 128.66, 171.21, 368.95, 133.25, 291.5, 147.94, 292.39, 309.2, 152.14]","[377.26, 554.98, 744.13, 782.35, 803.85, 790.4, 712.9, 613.94, 625.0, 641.83, 632.71, 590.36, 559.3, 531.96, 657.88, 627.32, 727.75, 781.55, 649.33, 591.93, 642.87, 638.55, 712.51, 836.65, 680.45, 856.03, 940.62, 621.99, 657.65, 722.74, 676.29, 629.43, 702.89, 671.6, 596.52, 486.04, 507.46, 525.19, 645.13, 655.09, 627.57, 561.31, 613.3, 671.32, 556.47, 454.36, 628.36, 704.33, 480.83, 580.16, 745.04, 657.42, 562.28, 507.15, 629.2, 604.31, 493.85]","[2273.13, 2369.14, 6839.11, 2280.17, 3290.01, 2406.16, 2215.12, 1847.25, 2930.6, 2323.36, 1757.95, 1986.92, 1778.52, 1621.21, 2010.08, 975.73, 4701.67, 2216.05, 1972.62, 2390.97, 2649.4, 1917.79, 2740.88, 2877.08, 427.43, 6474.8, 2544.73, 2004.54, 2913.86, 2243.79, 2138.43, 2128.66, 1939.72, 1918.11, 2238.53, 2018.24, 2152.27, 1353.6, 2117.54, 2890.27, 1948.15, 1238.75, 2219.7, 2304.28, 1377.81, 1211.41, 3530.92, 1841.1, 1116.34, 3020.36, 2187.2, 1739.86, 1892.59, 1672.64, 2453.03, 1006.97, 1106.17]","[33917.18, 33170.48, 37505.25, 37085.14, 37680.89, 37594.08, 37100.45, 36457.09, 35659.27, 35296.13, 34561.92, 33853.05, 33138.07, 31646.08, 30954.0, 29238.29, 31446.08, 30559.35, 29863.36, 29786.69, 29758.88, 28987.79, 29257.18, 29230.46, 26972.46, 30746.0, 30790.73, 29288.05, 29736.18, 28269.66, 27529.04, 26602.5, 25242.03, 24265.7, 23815.49, 23143.04, 22187.47, 20876.3, 20503.83, 20725.42, 19578.96, 18145.12, 17900.52, 17510.96, 16197.12, 14947.4, 15784.86, 14752.87, 13404.99, 13746.91, 12633.68, 11510.67, 10506.59, 9710.56, 8877.34, 7000.66, 5012.34]"
da,3500,speaker_9,0.12628865979381443,0.10589362721609967,0.49616625905036926,"[377.31, 271.16, 91.15, 96.25, 77.1, 95.32, 77.4, 97.9, 225.21, 247.14, 79.86, 241.9, 228.35, 266.16, 148.94, 136.3, 129.65, 260.51, 146.93, 140.24, 125.98, 146.59, 151.24, 273.03, 168.78, 148.98, 135.47, 169.08, 140.22, 171.41, 151.23, 160.28, 148.05, 134.33, 136.9, 182.29, 166.33, 154.78, 333.15, 129.55, 277.15, 166.71, 167.26, 166.5, 191.06, 348.86, 269.42, 150.96, 163.8, 274.57, 157.29, 172.14, 206.72, 157.06, 165.0, 129.01, 162.94, 150.5, 134.56, 141.67, 129.27, 143.07, 154.79, 264.02, 136.0, 295.03, 153.82, 163.73, 178.51, 275.73, 130.91, 144.11, 129.63]","[400.43, 647.81, 554.61, 614.95, 668.23, 638.61, 667.31, 588.38, 664.92, 739.76, 702.37, 751.51, 644.84, 670.96, 653.85, 637.62, 712.79, 651.41, 606.58, 663.08, 605.44, 656.23, 541.48, 641.3, 761.32, 681.27, 576.77, 666.82, 740.29, 626.69, 567.99, 597.12, 605.16, 467.33, 418.3, 584.31, 737.19, 768.35, 683.87, 516.97, 564.04, 508.98, 411.54, 522.84, 640.73, 786.37, 824.07, 740.96, 555.29, 679.86, 685.28, 597.73, 658.3, 655.91, 693.21, 546.23, 625.75, 648.41, 683.26, 620.85, 617.91, 655.18, 541.68, 543.53, 557.92, 573.06, 636.2, 630.6, 637.9, 595.93, 687.32, 812.38, 680.29]","[4271.64, 4934.68, 1316.67, 2191.26, 1823.66, 2158.11, 1875.21, 1506.49, 1910.78, 1785.69, 2359.48, 3543.85, 1559.17, 1936.21, 1548.54, 2328.11, 1492.51, 1983.29, 1834.02, 4017.25, 1622.84, 2236.05, 1059.45, 1441.68, 1905.55, 2569.22, 1742.42, 1462.88, 2547.42, 1345.95, 2087.17, 2213.98, 1778.27, 1892.68, 2001.37, 2572.7, 2160.01, 3051.4, 1824.26, 1401.05, 2174.13, 1599.31, 1212.16, 2304.47, 1257.85, 4664.41, 1733.07, 2854.62, 1579.5, 4656.94, 1539.76, 1680.2, 1214.0, 2680.93, 1296.81, 1648.11, 1420.41, 1632.38, 953.0, 958.68, 1357.34, 2782.43, 1578.89, 2716.15, 1181.13, 1260.86, 1770.74, 1556.74, 2280.61, 2055.45, 1830.65, 3187.84, 1481.41]","[36175.52, 38635.38, 37249.91, 36937.36, 36066.06, 35508.93, 34881.19, 33666.56, 32260.11, 30545.87, 30212.61, 30632.36, 29495.34, 28721.31, 27576.62, 27404.41, 25979.08, 25269.28, 23378.72, 24928.15, 23859.37, 23417.6, 22017.48, 20369.14, 19589.92, 16388.51, 15457.22, 14427.47, 14278.85, 13131.43, 12539.03, 12075.73, 11375.52, 10560.97, 9868.36, 9963.6, 9449.11, 9829.81, 8160.89, 6855.24, 5744.75, 4462.58, 3022.26, 2994.31, 2090.06, 5800.2, 4646.69, 4828.83, 3739.23, 5611.87, 4041.99, 2450.42, 2079.84, 3494.43, 2155.4, 2324.71, 2209.52, 2432.14, 1771.36, 1721.84, 2105.55, 3581.07, 2675.51, 3524.44, 2016.48, 2129.83, 2562.0, 2352.02, 3098.67, 2927.5, 2649.28, 4144.92, 2985.33]"
da,3500,speaker_10,0.15773809523809523,0.13205537806176784,0.5475335717201233,"[348.89, 244.81, 248.52, 237.35, 236.72, 253.26, 238.71, 255.81, 116.01, 99.26, 124.22, 96.42, 267.32, 150.93, 167.62, 166.52, 159.12, 195.34, 129.63, 268.9, 253.62, 146.47, 120.55, 157.97, 117.93, 147.58, 160.04, 156.79, 141.33, 174.22, 310.95, 142.39, 268.82, 165.97, 324.39, 281.41, 279.64, 178.38, 170.5, 315.55, 122.56, 164.54, 150.84, 162.46, 168.54, 143.19, 342.79, 153.69, 304.44, 192.03, 153.0, 145.03, 151.54, 324.04, 929.82, 217.28, 146.8]","[533.93, 718.88, 912.79, 806.94, 722.03, 670.57, 764.71, 781.61, 775.03, 903.93, 689.74, 737.5, 860.58, 775.95, 771.17, 689.97, 684.53, 818.42, 792.08, 760.75, 935.89, 800.28, 744.22, 911.67, 826.15, 792.26, 766.44, 814.01, 741.11, 572.59, 719.12, 686.19, 516.4, 568.88, 546.54, 680.46, 819.38, 794.73, 713.66, 799.33, 746.9, 545.46, 542.52, 629.5, 750.55, 918.4, 715.25, 705.54, 657.93, 594.9, 591.09, 737.88, 767.83, 591.34, 841.82, 928.98, 631.48]","[3755.22, 3623.54, 4307.74, 2343.63, 2198.86, 2611.05, 2349.08, 2031.68, 3294.04, 2910.03, 1685.19, 2610.33, 1681.87, 2609.75, 2422.92, 2542.79, 1743.27, 2710.22, 2352.7, 6527.84, 2690.03, 1967.76, 2768.95, 3539.58, 2860.55, 1959.95, 2283.28, 3059.2, 1976.81, 1258.69, 2598.5, 1929.57, 1969.34, 1035.9, 1687.32, 2943.58, 12392.99, 3028.97, 2584.34, 3468.7, 2018.79, 1804.32, 2406.11, 1307.33, 3287.02, 2255.4, 1837.33, 2111.7, 2551.68, 2249.99, 2344.29, 2545.01, 2081.78, 1112.87, 4460.58, 2530.73, 1445.88]","[36168.34, 36727.14, 38585.58, 38062.84, 37202.51, 36955.73, 36259.63, 35638.65, 36490.87, 36747.47, 35999.23, 35951.29, 34368.39, 34314.81, 34291.65, 34186.35, 33084.71, 33151.87, 32862.23, 36546.41, 36378.93, 35699.52, 35627.25, 36532.43, 36959.04, 36269.69, 35909.09, 36519.93, 35852.73, 34473.86, 34620.82, 33914.82, 33236.52, 31617.36, 30457.89, 30552.48, 39687.39, 40074.82, 40016.99, 40444.89, 39821.17, 39188.69, 38960.03, 37610.94, 38455.45, 38075.37, 36664.3, 36143.52, 35634.06, 35236.56, 34313.61, 34209.84, 33849.91, 31503.31, 33314.16, 33368.52, 32153.52]"
da,4000,speaker_1,0.21940928270042195,0.13037037037037036,0.4515894651412964,"[337.46, 273.07, 251.62, 93.65, 102.72, 84.14, 85.39, 97.17, 89.11, 94.68, 98.07, 259.93, 155.6, 137.04, 242.33, 149.11, 288.34, 263.04, 171.36, 242.34, 274.76, 159.83, 137.3, 171.24, 141.73, 134.74, 246.38, 254.38, 279.51, 144.09, 144.21, 151.72, 126.75, 125.65, 133.12, 197.33, 174.07, 132.13, 321.53, 148.08, 163.36]","[551.53, 868.25, 714.74, 747.78, 786.09, 675.49, 762.62, 628.47, 557.84, 640.24, 633.8, 670.68, 629.97, 520.74, 526.94, 579.61, 579.85, 573.35, 522.26, 547.57, 630.28, 570.03, 767.46, 711.99, 642.94, 798.76, 799.4, 473.58, 667.58, 720.5, 544.03, 658.68, 689.07, 628.62, 774.57, 782.2, 707.71, 742.15, 758.39, 869.13, 964.29]","[6258.96, 3414.43, 2343.02, 4587.44, 2364.75, 2313.63, 2550.38, 1827.84, 1334.18, 1960.92, 1539.08, 2529.49, 1844.32, 1723.15, 1631.98, 2568.81, 1699.69, 1642.92, 1389.69, 2188.27, 1154.89, 1260.38, 2917.31, 1475.02, 2405.27, 2006.52, 2151.41, 915.29, 3169.51, 1924.74, 1039.11, 2328.44, 1707.78, 2119.18, 2499.07, 2154.41, 3325.49, 2853.31, 2669.42, 3133.99, 4665.36]","[38282.43, 38631.9, 37699.13, 39025.27, 38336.75, 37392.63, 36888.62, 35665.37, 33943.27, 32838.34, 31114.35, 29757.47, 27729.08, 26399.11, 24572.56, 24079.05, 22114.11, 20304.62, 18230.73, 16901.9, 14149.06, 12298.5, 12113.26, 10496.01, 9800.38, 8538.35, 7388.71, 5232.32, 4246.0, 3078.7, 1727.7, 3139.15, 2524.09, 2873.92, 3407.14, 3134.35, 4207.7, 3756.02, 3750.18, 4151.57, 5793.36]"
da,4000,speaker_2,0.09293680297397769,0.0867579908675799,0.5171418786048889,"[341.91, 239.7, 250.47, 117.06, 119.8, 235.7, 258.35, 120.51, 143.02, 108.58, 248.8, 149.35, 149.29, 277.97, 276.2, 202.9, 156.66, 134.93, 136.8, 277.23, 171.46, 179.22, 133.64, 171.52, 136.85, 159.71, 186.01, 157.67, 307.35, 138.31, 169.52, 164.74, 266.09, 212.83, 366.15, 145.61, 141.87, 190.64, 140.35]","[496.14, 699.38, 736.64, 746.53, 740.49, 823.85, 762.19, 770.33, 685.51, 670.91, 764.66, 778.84, 767.48, 723.3, 741.42, 738.46, 739.76, 686.6, 742.76, 960.37, 659.71, 635.13, 660.01, 607.73, 552.16, 755.11, 783.75, 670.99, 449.02, 554.1, 693.32, 722.29, 771.28, 659.0, 907.0, 936.32, 713.4, 906.34, 594.69]","[8298.25, 1982.05, 2500.96, 2630.55, 2455.4, 2413.51, 3667.86, 2998.48, 2552.43, 2512.98, 2378.53, 2055.58, 2582.46, 2827.34, 1968.22, 2784.64, 2410.03, 2318.22, 2681.22, 6147.65, 2249.77, 2221.69, 3149.98, 1684.91, 2288.45, 2485.66, 2498.34, 2174.92, 975.12, 3190.6, 1806.7, 3883.53, 2620.41, 593.8, 11680.38, 2133.97, 2422.29, 3385.52, 1278.31]","[39648.61, 38510.82, 37690.13, 36992.84, 36320.1, 35219.66, 35757.67, 35634.18, 34862.03, 34264.53, 32684.86, 31633.52, 31091.62, 29811.47, 28497.28, 27971.39, 27301.22, 26521.41, 26125.4, 28561.54, 27715.47, 26845.03, 26676.38, 25267.45, 24460.08, 23859.6, 23276.35, 22138.51, 19812.37, 19702.84, 18399.26, 19188.23, 18100.47, 14785.65, 23393.21, 22438.45, 21780.43, 21864.85, 19872.6]"
da,4000,speaker_3,0.19741100323624594,0.13729016786570744,0.4622270464897156,"[342.56, 259.02, 126.08, 86.88, 257.82, 261.39, 89.05, 110.09, 137.4, 243.99, 85.88, 293.12, 135.39, 285.26, 176.89, 176.6, 237.32, 277.44, 194.3, 260.1, 153.61, 158.06, 160.56, 137.49, 314.79, 155.87, 269.42, 273.46, 294.59, 140.75, 148.95, 139.37, 138.9, 309.02, 156.11, 145.77, 159.3, 149.98, 136.08, 153.15, 135.31, 242.71, 166.32, 377.44, 170.77, 150.31, 197.91, 137.49]","[859.69, 879.9, 675.93, 708.98, 857.98, 679.31, 639.48, 732.7, 619.36, 683.58, 814.35, 772.18, 596.95, 648.39, 810.39, 865.13, 757.51, 860.25, 846.68, 552.69, 623.65, 577.78, 649.32, 595.02, 684.24, 515.33, 563.65, 727.9, 595.14, 676.61, 682.45, 596.34, 500.96, 478.92, 623.44, 663.43, 599.42, 655.84, 776.07, 784.76, 779.54, 763.74, 681.03, 564.5, 720.08, 891.54, 877.88, 690.52]","[8092.32, 2590.75, 2292.9, 5381.06, 2593.05, 1929.04, 2653.41, 3562.76, 1834.87, 3512.25, 4597.37, 2158.87, 2054.1, 3306.63, 3166.79, 2367.23, 1335.98, 3409.41, 2510.41, 2873.62, 2335.09, 2078.14, 1701.22, 1869.71, 2089.69, 1459.72, 2079.37, 1716.48, 1397.18, 2198.6, 1926.14, 3120.14, 1481.98, 2121.06, 2202.86, 1842.73, 2695.41, 2648.71, 3147.35, 2531.14, 3025.33, 1511.78, 1307.62, 1377.28, 2399.43, 1511.53, 1829.01, 2090.07]","[39631.96, 39092.62, 38268.47, 40546.92, 39647.92, 38451.38, 37987.23, 38227.53, 36948.35, 37138.54, 38619.42, 37257.3, 35982.31, 35373.16, 35435.34, 34270.63, 32111.41, 31414.32, 30838.82, 30208.28, 29462.55, 27621.97, 26240.68, 24827.42, 22778.11, 21112.43, 19713.5, 17724.01, 15816.15, 14517.35, 13365.29, 12942.76, 11322.45, 9336.65, 8454.59, 7011.19, 6619.95, 6160.73, 6232.43, 5238.82, 5192.53, 2993.93, 2155.89, 2320.22, 3291.46, 2553.76, 2905.72, 2930.2]"
da,4000,speaker_4,0.14457831325301204,0.10118043844856661,0.4654576778411865,"[338.5, 273.25, 104.14, 87.84, 238.89, 240.59, 259.23, 266.15, 244.64, 277.14, 139.14, 323.69, 165.8, 161.79, 142.06, 155.28, 291.76, 143.15, 276.92, 149.91, 137.91, 138.59, 139.59, 284.8, 142.79, 264.1, 152.68, 138.81, 155.59, 312.59, 139.92, 179.9, 306.96, 184.23, 140.77, 171.03, 168.18, 163.04, 152.98, 185.91, 156.37, 165.51, 174.75, 147.93, 246.86, 199.97, 199.56, 151.02, 314.81, 134.51]","[491.43, 623.58, 733.64, 885.79, 766.22, 618.36, 658.62, 650.73, 650.39, 755.84, 755.34, 769.65, 826.42, 655.93, 647.92, 751.8, 618.71, 610.61, 725.09, 673.97, 669.15, 773.3, 657.02, 644.49, 686.91, 644.92, 668.23, 669.36, 476.48, 651.68, 615.2, 645.24, 592.11, 537.01, 703.24, 698.77, 695.17, 644.69, 536.14, 670.74, 654.43, 661.38, 565.28, 566.62, 689.67, 869.3, 793.12, 710.67, 587.81, 630.56]","[7501.14, 1682.01, 4542.36, 2826.18, 2428.63, 1585.91, 3873.76, 1704.33, 2471.32, 2498.7, 2935.82, 4315.28, 2982.25, 1573.21, 2304.08, 3133.06, 1173.87, 3026.61, 2637.81, 2410.26, 2386.45, 2348.21, 2446.03, 2135.08, 1886.54, 1426.08, 1997.43, 2089.38, 2062.23, 1671.81, 2733.11, 2713.7, 1164.33, 2295.05, 2603.52, 1555.08, 3081.08, 1065.87, 9732.51, 1882.2, 3341.81, 1534.05, 1173.46, 1671.27, 2148.1, 3028.68, 2002.77, 1911.69, 1950.2, 1568.21]","[38838.24, 37402.26, 38826.88, 38331.26, 37432.68, 35910.27, 36033.92, 33796.87, 32733.87, 31511.27, 31312.06, 32087.02, 31960.83, 30460.85, 29650.47, 29708.87, 27376.09, 27103.92, 26218.8, 25326.5, 24009.4, 23263.18, 22395.22, 21012.6, 19386.62, 17317.96, 16213.32, 15183.85, 14163.51, 11953.92, 11595.95, 11224.84, 8909.76, 8118.11, 7648.81, 6099.28, 6085.69, 3874.76, 10515.24, 9314.29, 9584.36, 8000.16, 5675.07, 3841.9, 3085.39, 4098.34, 3021.57, 2774.51, 2853.59, 2333.82]"
da,4000,speaker_5,0.1565217391304348,0.12106406080347448,0.5054793357849121,"[364.68, 251.15, 266.59, 120.69, 88.18, 239.32, 86.88, 248.37, 104.78, 97.13, 248.02, 308.7, 265.49, 135.78, 134.53, 164.55, 145.51, 173.42, 142.0, 177.54, 245.04, 138.43, 261.03, 282.15, 308.89, 179.47, 133.06, 162.78, 264.15, 148.54, 277.75, 211.58, 149.6, 142.8, 144.74, 307.95, 147.22, 162.33, 327.49, 280.61, 137.27, 261.85, 150.46, 137.89, 144.51, 143.1, 120.58, 164.12, 137.78, 274.31, 145.11, 150.24, 173.02, 162.39, 204.96, 165.98, 149.4]","[548.43, 744.86, 758.44, 663.92, 616.82, 851.68, 719.95, 613.89, 600.58, 599.5, 675.84, 541.64, 675.29, 662.25, 672.16, 582.86, 605.45, 709.5, 725.18, 569.82, 592.01, 661.89, 738.39, 708.38, 687.29, 801.64, 687.44, 765.45, 688.72, 712.63, 738.89, 640.79, 561.78, 991.57, 784.41, 648.22, 676.41, 710.03, 703.96, 815.44, 696.31, 648.71, 797.35, 661.31, 642.41, 657.6, 524.55, 740.77, 647.55, 618.0, 688.52, 635.05, 560.93, 685.98, 737.02, 727.07, 582.99]","[5133.35, 5085.26, 2378.51, 2399.32, 1818.72, 5491.01, 2477.93, 2838.15, 1521.15, 3217.44, 1839.17, 1701.81, 2002.5, 2323.56, 1825.26, 2238.03, 2053.48, 1917.97, 3044.1, 832.33, 1893.45, 1318.62, 3137.82, 1258.73, 3209.28, 2365.7, 2364.74, 2964.75, 1937.44, 2208.56, 1227.26, 2310.21, 1435.88, 1705.68, 1987.25, 2385.28, 1607.27, 2459.36, 2220.83, 3057.57, 998.22, 2200.45, 2205.54, 1816.27, 2646.97, 1805.26, 1319.32, 1762.32, 1660.59, 1461.82, 1621.38, 1138.49, 1038.78, 2675.62, 2357.05, 3208.44, 1583.88]","[36705.6, 38677.88, 37518.19, 36811.19, 35530.03, 37283.17, 36643.14, 35540.3, 33938.76, 33218.94, 31519.7, 29718.4, 27980.81, 27200.32, 25929.36, 25095.12, 24041.15, 22645.7, 22569.4, 20290.11, 18907.61, 17149.89, 16600.91, 14160.41, 13461.39, 12716.41, 11808.05, 11701.54, 10334.54, 9456.38, 7389.25, 6202.11, 4571.04, 2979.8, 2917.46, 3342.25, 2431.25, 3332.1, 3253.53, 4155.07, 2027.82, 3111.44, 3153.94, 2615.87, 3434.42, 2606.35, 1965.91, 2668.1, 2447.02, 2355.33, 2456.15, 1924.88, 1773.13, 3524.48, 3299.54, 4102.39, 2583.23]"
da,4000,speaker_6,0.15873015873015872,0.1252556237218814,0.5173006057739258,"[344.86, 252.38, 267.91, 269.07, 231.56, 278.27, 283.26, 243.14, 257.44, 115.51, 154.7, 260.66, 287.85, 136.61, 254.95, 187.3, 155.32, 156.94, 158.35, 260.26, 287.83, 145.36, 142.73, 139.03, 138.7, 320.82, 168.54, 230.61, 133.5, 327.49, 129.98, 308.07, 173.28, 150.07, 158.7, 185.07, 141.0, 138.62, 137.34, 267.08, 168.83, 196.6, 327.62, 188.82, 169.89, 145.94, 312.63, 250.37, 185.3, 124.23, 163.67, 161.61, 350.95, 190.8, 185.85]","[467.08, 758.86, 705.79, 693.02, 650.88, 742.17, 786.22, 684.52, 580.3, 564.48, 545.98, 573.93, 583.47, 603.6, 661.0, 690.52, 628.32, 676.21, 652.43, 571.14, 597.69, 671.01, 581.21, 597.9, 657.24, 706.82, 724.67, 774.29, 831.79, 584.22, 487.28, 541.28, 594.07, 489.02, 469.28, 579.06, 596.91, 562.24, 566.65, 545.48, 410.61, 496.82, 676.02, 699.3, 710.15, 721.88, 674.31, 822.49, 939.1, 978.08, 956.84, 719.85, 643.24, 841.71, 814.81]","[5898.21, 1760.05, 3896.8, 2391.0, 4715.62, 2643.3, 3361.03, 2689.89, 1511.03, 5648.48, 1129.93, 2497.79, 1164.66, 2323.43, 3166.02, 1974.87, 2325.96, 2497.73, 1888.03, 1728.1, 2470.36, 2021.88, 2019.3, 1924.27, 1828.28, 2551.93, 2831.07, 2106.1, 6566.82, 2345.16, 1100.93, 1586.45, 1737.43, 1669.07, 2135.95, 1525.47, 2131.11, 1638.7, 1988.75, 2161.42, 1127.61, 1385.48, 2362.03, 1530.84, 2561.65, 3112.51, 2259.42, 3572.98, 2026.77, 3080.74, 3319.55, 1322.25, 2088.73, 3068.64, 3512.27]","[37092.65, 34929.97, 35089.13, 33762.79, 34943.16, 34477.22, 34100.48, 33481.8, 31460.61, 33966.54, 31984.53, 30566.44, 28620.54, 27866.91, 27339.31, 26223.11, 25465.11, 24242.16, 23060.75, 21509.99, 20059.81, 18992.69, 17907.33, 16521.38, 15275.91, 13685.77, 13201.87, 11803.61, 15059.53, 13520.49, 11320.43, 8997.04, 6797.66, 5363.66, 4400.88, 2661.77, 2870.24, 2339.93, 2693.29, 2975.02, 1707.45, 2079.49, 3366.39, 2419.38, 3443.05, 3980.73, 3246.82, 4646.62, 3151.63, 4183.43, 4440.46, 2647.92, 3084.22, 4101.55, 4523.73]"
da,4000,speaker_7,0.14189189189189189,0.09831121833534379,0.5128350257873535,"[361.07, 263.29, 275.46, 111.64, 275.6, 95.44, 144.37, 135.46, 103.8, 237.19, 248.09, 275.45, 208.72, 173.12, 158.43, 208.27, 264.16, 251.17, 152.05, 259.23, 158.82, 131.32, 145.75, 174.62, 141.14, 152.47, 327.26, 172.75, 135.32, 146.96, 135.7, 176.1, 165.88, 165.26, 272.88, 175.79, 179.12, 142.2, 162.51, 255.38, 305.99, 141.78]","[541.53, 880.37, 809.1, 756.67, 770.46, 785.95, 835.45, 937.79, 1027.28, 1007.49, 993.16, 683.73, 672.43, 728.19, 669.37, 710.41, 649.39, 689.63, 783.47, 785.36, 581.75, 595.11, 712.8, 751.44, 799.92, 753.62, 812.02, 761.15, 642.5, 693.25, 830.83, 703.76, 623.92, 731.15, 752.57, 727.33, 725.47, 585.94, 572.23, 622.76, 583.16, 703.68]","[7428.54, 4547.66, 2370.16, 2814.0, 2151.53, 4715.71, 3061.65, 6924.19, 2916.2, 3951.7, 2225.59, 1504.71, 2626.49, 2491.19, 2309.5, 2488.2, 2144.58, 2291.21, 2027.55, 2154.51, 1532.05, 1798.46, 3927.95, 2201.64, 2217.81, 2769.45, 1998.7, 2155.67, 2752.87, 3995.22, 3577.5, 1954.31, 2114.18, 2504.69, 2366.98, 2299.73, 2160.55, 2340.16, 2371.89, 1593.32, 1707.03, 2787.57]","[38358.16, 39787.38, 38648.36, 38372.71, 36992.86, 38608.91, 38573.39, 42174.42, 41759.93, 41765.55, 40449.59, 38612.03, 38152.39, 37561.53, 36778.34, 36176.82, 34392.86, 32574.84, 31516.12, 29952.22, 28158.21, 26845.52, 27692.96, 26796.78, 25908.39, 25362.44, 23429.59, 22483.26, 22128.5, 23046.82, 23544.81, 22181.74, 21211.3, 20633.39, 19099.37, 18280.89, 17362.15, 16613.55, 15872.45, 14164.4, 12800.14, 12284.09]"
da,4000,speaker_8,0.12536443148688048,0.10302049622437973,0.5304669737815857,"[347.09, 258.59, 296.45, 250.94, 259.33, 90.02, 297.26, 91.58, 250.4, 132.68, 179.84, 166.46, 184.28, 252.94, 177.1, 205.19, 286.26, 156.59, 167.6, 159.09, 162.87, 244.22, 271.22, 156.93, 167.59, 144.39, 294.85, 183.83, 154.44, 149.31, 207.92, 164.18, 205.61, 184.11, 264.38, 165.03, 179.44, 302.79, 176.26, 235.41, 186.47, 212.52, 259.57, 139.28, 163.19, 158.35, 205.55]","[596.96, 861.41, 897.2, 1012.44, 958.69, 821.09, 789.58, 741.78, 829.62, 707.37, 536.1, 570.46, 728.06, 744.28, 700.72, 687.99, 640.03, 805.91, 995.28, 884.32, 865.49, 591.47, 631.97, 742.92, 692.92, 603.58, 793.23, 904.29, 604.44, 524.33, 609.75, 767.13, 870.39, 828.62, 694.23, 697.01, 635.46, 710.95, 688.15, 534.03, 575.57, 822.91, 684.6, 582.87, 557.86, 648.66, 731.28]","[5041.62, 5480.26, 3913.7, 6031.89, 2901.6, 2763.36, 3011.2, 2906.45, 3089.24, 2444.04, 1037.85, 2460.23, 2493.28, 2686.76, 2345.2, 2676.0, 2320.15, 3478.66, 3754.62, 2241.49, 2793.26, 1829.41, 2179.12, 3674.06, 2000.38, 1748.72, 2125.02, 1411.27, 2196.85, 2052.13, 2624.32, 2177.91, 3397.22, 2254.95, 2159.36, 2449.71, 2537.23, 3211.8, 1969.29, 1723.98, 2680.33, 3377.78, 2770.95, 1517.61, 1978.04, 2943.51, 2082.74]","[36304.83, 38474.35, 38224.64, 40528.55, 39506.42, 39170.7, 38647.79, 38045.17, 36983.19, 35693.36, 33634.51, 32991.97, 32165.66, 31320.46, 30554.54, 29893.38, 28917.32, 29096.78, 29138.68, 28288.21, 27773.57, 26296.97, 25411.36, 24965.36, 23657.3, 22312.0, 21144.55, 19467.92, 18375.09, 17344.04, 16898.78, 15993.95, 16308.06, 15283.35, 13741.52, 13110.5, 12550.39, 12037.58, 10906.79, 9526.67, 8904.69, 8564.3, 8056.36, 6464.73, 5345.21, 5225.12, 3192.61]"
da,4000,speaker_9,0.09536082474226804,0.08001916626736943,0.4928775131702423,"[352.92, 248.16, 242.54, 101.79, 115.02, 256.95, 231.68, 252.88, 86.17, 277.96, 111.51, 212.2, 314.15, 294.84, 150.01, 303.38, 268.55, 156.9, 181.82, 182.43, 178.0, 159.11, 283.48, 350.95, 200.5, 162.2, 288.51, 139.83, 165.41, 145.5, 258.2, 150.87, 175.79, 145.63, 277.66, 154.02, 180.92, 160.46, 154.12, 152.88, 159.72, 306.15, 142.84, 162.83, 141.84, 297.27, 144.63, 144.24, 285.56, 175.74, 179.36, 280.04, 165.64, 217.6, 310.31, 158.23, 138.21, 278.28, 319.41, 154.48]","[391.08, 701.14, 674.41, 670.67, 758.57, 692.46, 701.95, 659.22, 675.89, 723.3, 695.74, 759.49, 942.79, 714.49, 718.33, 690.54, 737.82, 826.85, 715.79, 720.61, 795.22, 740.77, 742.52, 914.01, 824.83, 609.98, 668.69, 586.59, 563.6, 672.94, 873.98, 797.76, 584.07, 610.11, 543.92, 596.7, 740.97, 2273.95, 749.15, 622.09, 905.52, 823.42, 734.66, 716.2, 715.9, 549.1, 496.0, 784.52, 696.36, 701.06, 730.13, 690.75, 584.91, 503.29, 624.35, 650.5, 556.45, 628.29, 858.79, 755.15]","[4155.04, 4592.54, 2125.91, 2202.28, 2279.96, 1967.09, 1622.27, 1927.69, 1835.29, 4070.29, 1812.79, 1508.04, 2742.49, 2064.33, 2478.57, 2191.87, 4722.51, 2482.55, 1886.97, 2231.75, 1657.01, 2526.75, 1440.3, 2727.47, 1456.82, 1701.84, 2195.12, 2177.3, 3177.01, 2101.61, 3522.51, 1685.42, 1568.36, 2406.22, 1575.73, 2134.44, 2065.53, 1881.54, 2043.82, 2012.81, 3154.8, 3175.02, 1611.97, 1260.61, 1454.28, 1310.21, 10005.17, 2431.75, 1937.49, 1148.57, 3030.89, 1939.57, 1260.44, 1338.2, 1390.43, 1987.85, 2170.29, 2932.34, 3169.12, 3166.07]","[35889.05, 36522.32, 35331.98, 34424.6, 33592.24, 32230.82, 30526.38, 29120.74, 27835.42, 27722.61, 26429.15, 24812.88, 23632.29, 21785.49, 21162.41, 19438.25, 20661.74, 20056.17, 18018.53, 17153.0, 14663.89, 14106.83, 12231.54, 11030.95, 9408.29, 6999.21, 5700.22, 4769.89, 4238.32, 3018.8, 4656.04, 3033.33, 2330.37, 3162.5, 2398.16, 2886.14, 2987.85, 4316.46, 3282.91, 2788.16, 4220.6, 4305.0, 2603.18, 2140.14, 2312.91, 2157.6, 10646.53, 9759.47, 8160.71, 6185.51, 5098.59, 3542.22, 2011.35, 2059.89, 2326.36, 2797.26, 2865.3, 3841.28, 4347.74, 4421.62]"
da,4000,speaker_10,0.125,0.07880724174653887,0.5598819851875305,"[343.11, 249.25, 122.32, 101.35, 123.83, 103.36, 106.43, 111.57, 88.13, 112.56, 244.25, 164.65, 163.51, 178.86, 143.58, 170.08, 144.64, 151.67, 170.25, 138.53, 165.51, 195.34, 148.26, 151.63, 182.61, 180.94, 151.91, 157.09, 237.76, 291.95, 171.3, 141.29, 137.07, 546.85, 302.63, 163.05, 282.77, 329.57, 136.99, 174.91, 162.82, 194.85, 173.81, 277.73, 751.08, 143.78, 172.51, 324.11, 161.21]","[535.63, 801.02, 982.34, 783.46, 618.75, 744.53, 806.23, 773.06, 853.78, 791.03, 831.99, 764.16, 703.61, 759.42, 682.86, 836.23, 866.59, 678.39, 835.24, 817.27, 922.91, 891.97, 733.22, 710.66, 730.77, 622.7, 569.71, 702.45, 554.63, 478.86, 674.8, 787.01, 801.92, 861.46, 1042.47, 765.04, 885.21, 1221.57, 947.83, 811.35, 859.91, 728.6, 717.74, 786.26, 834.2, 1081.44, 890.57, 815.31, 715.86]","[3683.73, 5887.98, 4896.9, 2227.85, 2096.78, 3129.67, 2058.7, 2778.55, 3137.36, 2550.76, 2566.69, 1878.77, 2844.57, 2896.19, 1829.12, 3324.36, 2664.58, 2806.83, 2355.95, 2849.17, 5072.41, 2656.52, 2074.61, 3844.09, 2338.89, 1387.24, 2280.16, 2660.91, 1267.68, 1933.21, 2971.1, 3600.53, 2738.42, 3415.19, 3373.84, 1171.33, 5759.05, 3034.32, 2914.79, 2279.68, 3983.77, 2268.97, 4511.64, 2680.85, 2230.32, 2421.34, 2406.3, 3427.79, 2213.91]","[34837.25, 37609.51, 39408.97, 38554.84, 37346.86, 37354.94, 36300.56, 35945.79, 35959.88, 35187.28, 34428.68, 33175.83, 32921.51, 32723.88, 31250.64, 31460.14, 31011.43, 30723.82, 30011.44, 29544.69, 31304.7, 30847.98, 29797.35, 30526.57, 29571.86, 27854.98, 27070.65, 26642.81, 24614.02, 22389.84, 22251.44, 22543.86, 22187.74, 22096.04, 22024.24, 19949.12, 22042.44, 21411.22, 21275.6, 20303.88, 21234.3, 20445.9, 21900.11, 20909.48, 20073.34, 19441.21, 18599.17, 18759.16, 17725.15]"
da,4500,speaker_1,0.18143459915611815,0.09259259259259259,0.45822015404701233,"[377.96, 259.01, 152.21, 276.91, 92.26, 243.98, 110.87, 101.03, 98.58, 133.48, 157.33, 153.65, 239.44, 268.71, 151.68, 170.31, 163.42, 188.71, 158.43, 321.38, 176.29, 183.57, 143.95, 217.52, 166.05, 315.04, 175.7, 163.27, 139.1, 164.76, 172.77, 284.18, 264.87, 158.63, 290.63]","[807.45, 863.76, 801.22, 809.78, 931.02, 865.17, 753.45, 603.0, 656.56, 580.72, 499.59, 517.7, 574.92, 598.49, 622.56, 571.43, 551.49, 623.18, 592.85, 673.78, 835.93, 889.95, 867.23, 758.39, 765.15, 745.86, 713.79, 746.27, 745.94, 937.22, 825.99, 769.99, 852.57, 994.15, 1050.19]","[8942.68, 2751.25, 2243.68, 3639.75, 2970.73, 3160.26, 1798.12, 2067.47, 2219.18, 1519.01, 1485.25, 1846.2, 1537.95, 2692.47, 1738.01, 1886.16, 1247.04, 1838.44, 1602.41, 2962.37, 3138.45, 3013.69, 2156.55, 2101.77, 2568.18, 2115.81, 2397.03, 2213.73, 2008.74, 2605.59, 2696.87, 2199.15, 4933.75, 4346.5, 2217.72]","[39903.3, 39193.13, 37756.4, 37107.48, 36406.61, 35691.72, 33817.93, 32408.34, 30962.8, 28800.05, 26615.29, 25002.5, 22265.08, 20683.65, 18765.83, 17193.09, 14774.81, 12743.57, 10685.23, 9576.54, 9259.57, 8016.38, 6518.41, 4352.39, 3499.78, 3177.73, 3286.97, 3124.26, 2894.58, 3708.61, 3696.18, 3254.64, 6052.61, 6745.15, 5099.35]"
da,4500,speaker_2,0.06691449814126393,0.05870841487279843,0.5190642476081848,"[383.63, 243.06, 271.7, 117.23, 147.04, 275.31, 104.92, 101.81, 272.35, 158.96, 189.48, 315.25, 162.25, 157.16, 247.86, 152.83, 145.18, 304.26, 267.31, 183.27, 330.24, 186.07, 144.93, 197.99, 257.01, 175.15, 185.11, 311.11, 321.5, 147.77, 302.37, 152.61]","[739.87, 931.68, 833.56, 933.07, 792.8, 850.4, 909.29, 806.47, 832.59, 828.87, 721.06, 741.81, 780.99, 780.52, 792.93, 905.45, 899.49, 812.31, 741.57, 637.97, 695.53, 818.79, 798.75, 792.42, 770.64, 727.18, 796.85, 787.89, 914.05, 755.22, 743.78, 853.6]","[9547.78, 3069.98, 5321.17, 3152.68, 2022.01, 4684.82, 2960.66, 3471.37, 2256.27, 2600.13, 2542.38, 3080.87, 2969.84, 2851.41, 3090.89, 3092.16, 3055.62, 3133.25, 2664.84, 1878.65, 4391.61, 2419.27, 3271.38, 3354.2, 2613.68, 2753.42, 2561.25, 2914.94, 3202.69, 3100.53, 12815.36, 3522.81]","[39542.38, 38926.75, 39759.42, 39256.6, 37607.15, 38215.07, 37506.55, 37313.46, 35481.64, 34404.67, 33256.09, 31860.85, 31357.22, 30542.7, 29764.12, 29200.26, 28584.42, 27653.44, 26459.77, 24652.04, 24490.64, 23205.13, 22764.54, 21775.94, 20682.25, 19310.84, 18146.91, 17112.27, 15980.07, 15356.59, 24288.02, 24131.35]"
da,4500,speaker_3,0.1715210355987055,0.10731414868105515,0.4567243456840515,"[404.26, 247.83, 132.31, 97.09, 262.15, 260.59, 124.65, 112.32, 94.79, 134.5, 269.38, 307.6, 161.65, 269.94, 166.2, 173.55, 181.09, 147.47, 273.27, 303.89, 177.42, 212.59, 161.7, 149.89, 149.66, 251.64, 219.43, 156.41, 177.99, 160.59, 169.58, 301.11, 179.4, 196.86, 153.12, 166.34, 798.12, 315.91, 181.13, 316.66, 220.03, 190.79]","[907.03, 898.99, 791.07, 709.54, 764.33, 786.3, 808.31, 845.81, 760.01, 785.31, 792.57, 641.83, 646.41, 944.71, 940.97, 1056.18, 928.96, 593.44, 723.3, 750.78, 560.7, 675.35, 611.13, 547.44, 643.18, 702.85, 753.8, 667.83, 658.17, 522.94, 616.65, 754.63, 797.0, 661.57, 794.09, 887.63, 877.88, 751.85, 723.81, 757.33, 683.35, 540.22]","[8040.36, 2734.59, 4282.7, 3064.4, 1995.93, 2810.12, 6443.68, 3735.28, 2591.6, 3438.57, 3302.33, 1756.79, 3027.47, 3108.0, 2676.12, 2810.77, 1839.21, 2514.46, 3219.2, 1799.34, 1371.17, 2448.11, 1920.72, 1966.38, 2367.14, 2382.52, 2043.9, 3439.28, 2223.69, 1889.04, 2895.24, 1664.32, 2758.24, 2970.59, 2558.63, 4009.12, 2399.57, 2030.17, 2345.48, 2299.72, 856.84, 2031.58]","[39747.52, 39012.29, 39622.84, 39010.81, 37132.2, 36270.18, 39240.4, 39307.35, 38225.52, 37994.8, 37212.75, 35087.12, 34652.93, 33481.88, 32493.94, 31635.53, 29811.9, 28859.0, 27386.45, 25328.49, 23037.34, 20799.31, 19255.31, 17348.11, 15863.59, 14169.98, 12564.13, 12341.1, 11084.18, 9117.98, 8364.55, 5959.38, 5056.0, 4579.57, 3506.33, 5064.51, 4076.58, 3098.3, 3251.22, 3374.73, 1760.99, 2774.93]"
da,4500,speaker_4,0.07228915662650602,0.05845980888139404,0.4984075129032135,"[421.53, 306.81, 303.56, 252.67, 281.91, 130.73, 263.47, 277.47, 307.16, 170.44, 160.34, 184.94, 332.34, 150.16, 280.12, 166.76, 152.22, 273.0, 324.31, 160.49, 161.64, 162.39, 289.0, 147.19, 288.67, 193.75, 184.52, 173.46, 162.83, 146.93, 304.58, 188.28, 181.54, 205.41, 129.25, 278.38, 164.89, 173.14, 189.74, 166.96, 179.23, 151.85]","[623.29, 820.15, 923.48, 913.06, 763.7, 826.23, 786.51, 666.43, 821.31, 932.22, 918.24, 839.65, 749.07, 894.33, 818.99, 612.86, 676.08, 742.57, 961.06, 758.01, 765.65, 698.88, 829.19, 797.85, 681.44, 695.61, 612.03, 646.06, 802.6, 821.06, 881.95, 702.66, 780.71, 831.18, 779.36, 626.38, 624.64, 735.76, 828.47, 796.58, 850.53, 728.96]","[8403.75, 2904.15, 5689.84, 3182.6, 2737.86, 6205.6, 2610.94, 2550.08, 3725.35, 4496.71, 3841.43, 2271.14, 3507.11, 3455.24, 3243.13, 2307.16, 2465.14, 2944.25, 3465.43, 2011.13, 2021.5, 3392.59, 1758.11, 2524.16, 1976.18, 2691.91, 1897.95, 2536.55, 2146.55, 2557.31, 4004.42, 2585.02, 4137.93, 2969.76, 3198.81, 2198.66, 2639.34, 2589.72, 3058.3, 3337.7, 3172.72, 2097.84]","[41069.85, 40300.23, 41290.4, 40797.0, 39240.44, 40756.15, 39695.37, 38563.68, 38198.11, 38606.88, 38770.41, 37582.38, 37213.29, 37004.94, 36587.0, 35230.23, 33823.85, 33103.55, 32501.13, 30856.96, 29013.91, 28747.73, 26236.78, 25082.2, 23197.3, 22231.17, 20466.46, 18529.71, 17015.12, 15851.46, 15710.03, 14157.31, 14569.09, 13824.28, 13522.0, 11619.62, 10745.3, 9606.1, 8952.88, 8566.6, 8033.29, 6423.21]"
da,4500,speaker_5,0.13333333333333333,0.08740499457111835,0.5192677974700928,"[362.76, 312.07, 263.41, 270.7, 102.22, 256.43, 93.12, 277.2, 247.48, 189.03, 145.54, 178.98, 142.59, 154.55, 145.38, 315.65, 301.6, 293.5, 162.06, 149.86, 296.35, 302.87, 196.52, 188.18, 312.24, 142.25, 145.64, 302.85, 288.44, 354.41, 286.57, 149.39, 199.82, 155.74, 174.24, 134.38, 209.31, 168.13, 173.17, 312.39, 162.08, 166.37, 311.26, 169.27, 199.81, 153.54, 168.5, 141.43, 205.02]","[490.69, 779.35, 782.27, 943.08, 895.91, 806.34, 769.79, 710.06, 506.92, 504.43, 623.52, 687.13, 687.71, 695.75, 750.34, 852.55, 857.86, 802.4, 767.48, 790.06, 823.85, 756.9, 752.67, 767.74, 756.09, 686.98, 737.85, 736.16, 843.44, 857.76, 652.03, 722.16, 801.62, 781.7, 737.54, 787.68, 785.05, 810.42, 697.33, 630.46, 820.32, 681.69, 689.41, 723.09, 541.36, 662.3, 760.63, 737.02, 534.3]","[3649.47, 7072.13, 2683.68, 2866.42, 5242.38, 2934.02, 3564.17, 2533.06, 2157.73, 1708.41, 2402.19, 2432.6, 2616.68, 2377.6, 3031.22, 3673.97, 3603.48, 1927.08, 2257.09, 2846.34, 3154.31, 2569.35, 2012.8, 2476.49, 1880.47, 1723.04, 2142.69, 1964.54, 2973.04, 1528.26, 2443.41, 2080.99, 3156.24, 2492.45, 2000.05, 2082.52, 2911.48, 2166.75, 1612.99, 2390.91, 2807.08, 1596.36, 3141.52, 2118.32, 2376.75, 2717.39, 2471.26, 2226.09, 1471.25]","[36552.73, 39905.02, 38263.0, 36761.67, 38263.44, 37048.46, 36877.91, 35483.25, 33714.07, 31672.97, 30350.32, 29068.62, 27981.97, 26637.47, 25988.35, 25334.13, 24587.28, 22601.28, 21130.14, 20462.5, 18897.54, 17533.81, 15854.17, 14829.79, 12613.22, 10598.82, 8829.71, 6665.75, 5702.16, 3319.92, 3383.7, 2952.92, 4158.21, 3430.26, 2912.2, 3005.63, 3906.58, 3145.7, 2484.56, 3335.08, 3789.85, 2444.82, 4143.61, 3011.27, 3118.29, 3534.04, 3400.76, 3105.42, 2211.79]"
da,4500,speaker_6,0.19047619047619047,0.130879345603272,0.5157929062843323,"[340.11, 267.2, 161.42, 125.62, 115.42, 252.83, 126.92, 124.22, 245.33, 162.26, 260.21, 195.8, 269.63, 161.96, 162.45, 244.73, 174.09, 289.75, 261.42, 292.55, 299.97, 167.85, 595.96, 131.2, 173.63, 143.17, 255.15, 139.88, 150.94, 150.85, 190.62, 152.04, 292.66, 149.37, 182.46, 174.16, 316.44, 172.55, 178.63, 298.8, 168.41, 164.03, 159.97, 207.41, 168.82, 331.21, 174.04]","[502.92, 771.29, 603.13, 677.27, 682.01, 738.7, 704.48, 705.95, 682.45, 562.6, 633.69, 602.55, 678.43, 813.85, 650.93, 700.81, 679.86, 684.56, 844.2, 855.7, 833.37, 831.91, 758.05, 846.11, 942.57, 840.26, 651.01, 556.78, 646.95, 491.54, 510.35, 733.98, 778.94, 715.49, 557.78, 648.92, 621.62, 695.55, 900.93, 883.37, 833.6, 782.46, 921.67, 1044.43, 1086.39, 994.25, 1013.63]","[6147.68, 1997.35, 3158.29, 2436.23, 4368.87, 5321.91, 3009.93, 2804.29, 2389.31, 1554.44, 2455.92, 1090.97, 4182.85, 3496.65, 1742.31, 2739.24, 2107.82, 2172.17, 3499.53, 3710.23, 3407.52, 2050.36, 2873.42, 3393.44, 2733.22, 3522.0, 1504.28, 2307.3, 2173.65, 1913.52, 2355.26, 2747.06, 3146.62, 2328.47, 2209.44, 2152.36, 1102.42, 2869.5, 2816.45, 3613.41, 3323.77, 2555.76, 3103.59, 3603.93, 3574.33, 2361.13, 18997.84]","[37394.21, 35642.72, 35050.61, 33760.23, 34605.37, 35562.45, 35054.87, 34119.42, 32173.73, 29973.65, 28462.94, 25455.97, 25307.67, 25063.07, 23066.15, 21899.44, 20309.43, 18761.13, 17922.85, 17724.09, 16424.49, 14971.54, 13122.08, 13000.17, 12012.64, 11807.84, 9598.05, 8205.03, 6669.35, 5062.06, 3723.98, 3633.54, 4219.58, 3193.73, 2950.89, 2976.4, 2041.56, 3738.52, 3896.36, 4796.27, 4615.0, 3502.69, 4186.04, 4856.21, 4894.28, 3687.62, 20186.07]"
da,4500,speaker_7,0.14189189189189189,0.0971049457177322,0.5167294144630432,"[357.26, 274.51, 123.38, 129.68, 110.65, 155.87, 96.97, 125.25, 249.48, 255.11, 281.1, 268.38, 179.54, 185.14, 255.3, 130.62, 295.85, 274.01, 375.71, 148.63, 176.57, 287.63, 323.02, 339.29, 153.37, 181.73, 209.43, 193.88, 215.07, 181.67, 177.5, 272.48, 164.74, 282.42, 181.52, 161.89]","[554.86, 888.74, 923.59, 924.85, 786.39, 729.01, 974.26, 1142.48, 1175.52, 1052.06, 745.08, 719.63, 747.02, 707.22, 769.01, 809.28, 893.73, 787.4, 654.81, 779.56, 817.9, 825.17, 895.25, 900.37, 883.22, 912.46, 852.66, 710.24, 911.03, 866.1, 682.8, 792.75, 652.48, 619.14, 773.35, 797.22]","[7318.74, 5074.49, 3077.7, 3246.1, 2153.3, 3013.13, 6273.25, 3807.19, 4339.52, 2351.15, 2123.01, 2857.0, 2987.42, 2532.92, 2519.61, 2355.78, 2474.94, 2265.85, 2190.91, 3190.49, 3089.41, 3172.59, 2949.44, 3232.87, 3167.99, 3806.17, 2868.27, 2512.56, 3000.93, 2401.49, 3024.58, 3069.5, 2138.11, 2588.35, 2173.07, 3139.44]","[37646.4, 39190.18, 38519.34, 38014.7, 36425.86, 35900.37, 38453.22, 38527.17, 38519.11, 36909.17, 35316.47, 34256.82, 33517.16, 32347.23, 30741.0, 29179.76, 27941.28, 25891.99, 23959.09, 23638.84, 23034.65, 21852.51, 20274.99, 19019.85, 18539.77, 18685.34, 18101.5, 16949.13, 15676.66, 14603.23, 13966.69, 13164.91, 11625.21, 10339.98, 8851.55, 8319.89]"
da,4500,speaker_8,0.1282798833819242,0.09169363538295577,0.5441075563430786,"[368.07, 248.07, 126.03, 103.5, 118.51, 97.66, 152.46, 352.77, 122.34, 106.93, 140.33, 205.3, 166.18, 197.99, 283.07, 193.62, 169.26, 286.75, 873.56, 244.06, 176.13, 263.39, 259.35, 755.31, 343.11, 146.39, 136.99, 153.38, 359.79, 162.31, 307.12, 166.41, 147.51, 189.91, 306.47, 190.01, 168.16, 282.22, 150.79, 153.64, 295.57, 262.85]","[655.25, 901.22, 846.56, 915.24, 827.1, 758.8, 675.04, 741.64, 866.12, 676.61, 724.33, 807.8, 759.1, 545.73, 698.04, 809.5, 833.02, 846.31, 1053.08, 937.96, 718.04, 749.26, 649.48, 650.06, 756.14, 782.06, 598.83, 650.87, 861.09, 753.53, 751.5, 901.06, 697.91, 731.32, 734.69, 664.8, 788.44, 802.45, 676.06, 704.71, 723.85, 618.71]","[7627.99, 4537.32, 2805.68, 3975.3, 2364.34, 3274.65, 892.23, 8400.27, 2892.4, 2111.79, 2159.54, 2536.47, 2677.6, 1464.12, 4284.99, 2628.91, 3702.22, 2663.23, 4302.85, 2704.1, 2453.14, 2456.22, 2178.36, 2032.79, 3241.56, 1826.31, 2677.57, 2244.7, 3407.05, 2803.84, 2822.04, 3733.33, 2589.05, 3560.06, 1439.69, 1882.1, 2805.52, 3334.65, 1609.09, 2743.67, 2253.82, 1815.0]","[39946.18, 40802.79, 39928.34, 40215.13, 39111.13, 38725.55, 35942.93, 40657.18, 40074.12, 38514.85, 36995.0, 35854.5, 35073.6, 32872.91, 32893.61, 31858.41, 32107.72, 30080.42, 30108.48, 28936.11, 27735.29, 26315.29, 24840.4, 23195.82, 22363.08, 20531.51, 19553.89, 18140.11, 17262.42, 16398.28, 14919.59, 15194.86, 14130.37, 14027.44, 11606.65, 10019.64, 9184.02, 8855.43, 6817.4, 5909.29, 4093.93, 2697.05]"
da,4500,speaker_9,0.12628865979381443,0.097747963584092,0.5073965191841125,"[378.76, 256.59, 296.84, 233.18, 150.6, 252.19, 96.37, 97.69, 94.96, 162.45, 148.79, 160.5, 147.62, 281.01, 166.68, 257.5, 278.51, 155.51, 174.36, 152.37, 196.65, 288.51, 313.59, 326.16, 143.59, 143.55, 900.93, 199.74, 160.15, 150.01, 159.92, 332.35, 159.68, 186.1, 145.65, 169.97, 130.03, 303.08, 276.94, 153.26, 187.5, 265.08, 220.32, 140.44, 147.35, 159.31, 156.59, 159.61, 333.52, 166.82, 193.51, 366.5, 149.7]","[490.27, 712.06, 725.04, 859.54, 829.07, 777.16, 742.77, 763.86, 761.06, 725.73, 707.78, 790.88, 782.11, 631.46, 759.17, 841.47, 762.9, 925.67, 699.24, 697.57, 878.0, 778.28, 926.62, 976.13, 608.01, 569.19, 851.89, 874.63, 743.9, 583.26, 514.11, 516.79, 755.4, 898.44, 651.48, 764.2, 874.69, 808.31, 734.05, 703.75, 624.17, 725.86, 766.72, 629.0, 727.67, 727.98, 671.8, 601.18, 608.38, 647.18, 591.69, 748.59, 974.23]","[6502.54, 3413.58, 4938.1, 3320.14, 2397.98, 1973.14, 2073.63, 3105.41, 2033.68, 1567.26, 2901.17, 2432.79, 1895.37, 1739.12, 2550.58, 2439.3, 2208.24, 2083.53, 1615.22, 4181.96, 2354.89, 1022.9, 9518.61, 3143.15, 2310.54, 3554.37, 3200.44, 3200.96, 2034.35, 1728.98, 1899.23, 1553.11, 3588.31, 3384.78, 1958.79, 3338.54, 3930.89, 2428.35, 2521.67, 2142.93, 1907.99, 2652.53, 1646.33, 1646.1, 1445.61, 2160.82, 2828.37, 1147.07, 2101.76, 1414.38, 1094.31, 5276.95, 4071.44]","[37530.64, 36652.02, 37097.77, 36751.68, 35278.4, 33163.34, 31559.78, 31142.6, 29465.79, 27305.08, 26466.68, 25407.57, 23604.84, 20616.97, 19674.47, 17993.82, 16459.52, 14876.47, 12775.2, 13235.78, 11465.81, 8572.05, 14379.83, 13165.73, 11759.24, 11789.41, 11259.41, 10348.52, 8265.18, 6263.2, 4429.19, 2403.16, 4504.0, 4469.73, 2756.36, 4273.67, 4936.14, 3669.88, 3533.62, 3000.4, 2720.35, 3644.33, 2635.07, 2416.53, 2321.18, 3048.66, 3657.24, 1908.27, 3044.78, 2230.67, 1880.02, 6393.39, 6535.7]"
da,4500,speaker_10,0.14285714285714285,0.08892438764643237,0.5600486993789673,"[390.3, 293.28, 305.56, 115.22, 111.43, 284.31, 99.39, 140.04, 177.94, 165.51, 193.34, 291.58, 301.92, 148.83, 171.74, 145.27, 190.59, 320.42, 186.0, 325.07, 156.25, 155.97, 182.77, 301.91, 169.17, 150.62, 248.5, 186.88, 191.54, 338.53, 286.6, 178.93, 166.5, 179.5, 311.25, 224.89, 172.78, 153.5, 208.42, 209.59, 152.39]","[703.3, 963.58, 857.47, 713.03, 806.13, 894.32, 895.15, 1038.67, 983.6, 900.46, 969.12, 1001.0, 862.81, 809.77, 1092.19, 958.79, 733.34, 976.1, 923.57, 955.75, 887.13, 731.7, 732.29, 544.39, 473.64, 675.7, 799.27, 939.29, 858.09, 683.5, 984.32, 1093.2, 908.53, 895.41, 903.52, 930.86, 887.96, 752.5, 796.93, 868.76, 876.22]","[5853.12, 6367.22, 2038.56, 2728.18, 3043.35, 2757.35, 5032.97, 3732.8, 2476.46, 2080.67, 6960.75, 3412.47, 2561.36, 3324.42, 3974.79, 1940.72, 3196.65, 4210.25, 3149.08, 3833.21, 1982.66, 2166.44, 2496.25, 1164.99, 1801.18, 3211.82, 3822.83, 2879.97, 1962.97, 2961.27, 3671.41, 3902.24, 2991.88, 2881.26, 4051.33, 2731.59, 15108.92, 2796.09, 2286.26, 4397.49, 2772.66]","[37256.49, 39899.2, 37603.13, 36608.05, 35958.62, 34343.57, 35860.99, 35872.27, 34405.53, 32750.86, 36167.1, 35435.99, 34250.97, 33861.64, 34139.51, 32595.29, 32036.83, 32124.79, 31564.98, 30842.35, 28912.27, 27359.3, 26170.19, 23630.35, 21746.63, 21225.54, 21325.78, 20082.1, 18324.38, 17174.77, 16724.85, 17116.77, 16416.54, 15597.87, 15732.31, 14759.3, 25309.08, 24417.53, 22958.17, 23230.3, 22254.51]"
da,5000,speaker_1,0.15611814345991562,0.07777777777777778,0.4827236831188202,"[381.91, 253.98, 129.01, 134.07, 126.38, 263.0, 259.16, 274.3, 146.0, 537.84, 260.62, 290.32, 178.05, 208.46, 267.68, 148.37, 169.9, 182.79, 155.95, 262.05, 297.03, 377.76, 210.2, 165.33, 197.41, 181.66, 153.01, 197.86, 181.62, 152.99, 275.15]","[811.62, 944.52, 887.25, 922.14, 908.56, 874.8, 856.74, 787.19, 733.98, 652.57, 622.69, 702.8, 710.66, 736.2, 624.07, 687.74, 770.65, 892.38, 943.27, 863.4, 674.15, 750.03, 809.68, 780.39, 780.2, 835.61, 919.95, 802.38, 847.64, 956.75, 898.78]","[9428.19, 3062.42, 4670.08, 3637.07, 3380.13, 2581.95, 2690.88, 2517.49, 2574.65, 2167.92, 2431.09, 2784.77, 2415.55, 2171.15, 2153.67, 1776.33, 2941.18, 3294.55, 3437.83, 2834.96, 1119.21, 3432.38, 1656.91, 2535.91, 1983.54, 2522.01, 2887.72, 3303.09, 4312.21, 2276.45, 2429.46]","[40898.9, 39812.21, 40109.49, 39618.82, 38838.85, 36845.36, 34759.2, 32508.62, 30719.19, 27700.36, 25190.15, 23628.33, 21316.96, 18723.9, 16350.62, 14031.26, 12412.8, 11581.71, 10875.88, 9169.01, 5942.06, 5043.03, 2677.55, 3482.09, 2961.56, 3539.7, 3961.57, 4304.75, 5341.87, 3499.36, 3616.98]"
da,5000,speaker_2,0.08550185873605948,0.07110241356816699,0.5207416415214539,"[357.0, 303.05, 274.3, 243.49, 109.87, 173.39, 121.89, 309.71, 310.51, 156.48, 440.65, 158.83, 158.56, 188.36, 156.3, 162.92, 175.96, 167.68, 262.93, 277.64, 160.16, 206.07, 261.56, 190.95, 190.15, 204.89, 188.32, 309.31, 156.8]","[554.8, 950.03, 924.23, 925.2, 923.53, 929.21, 860.47, 836.81, 935.18, 888.23, 853.11, 813.94, 820.93, 1089.33, 918.61, 844.99, 731.65, 719.48, 690.27, 795.25, 875.42, 730.75, 710.2, 882.98, 871.24, 752.28, 775.09, 880.54, 912.26]","[8380.55, 5776.93, 3561.97, 3065.6, 3292.94, 3932.46, 3191.16, 3053.6, 5121.78, 2613.49, 3610.03, 2954.46, 2357.72, 3027.96, 3701.48, 3467.78, 2782.99, 2963.03, 2257.45, 3259.17, 3660.55, 2493.24, 15464.07, 5188.41, 3152.98, 2372.28, 3627.32, 3258.74, 4794.48]","[38683.45, 40280.5, 39284.1, 38181.23, 37321.55, 36864.35, 35922.69, 34635.61, 34761.82, 33233.37, 31860.86, 30690.65, 28950.38, 27869.25, 27435.93, 26787.44, 25242.21, 23853.45, 21791.52, 20512.7, 20054.17, 18426.27, 29163.33, 30236.31, 29276.75, 27300.16, 26795.94, 25537.64, 26176.12]"
da,5000,speaker_3,0.15210355987055016,0.09052757793764989,0.4846503436565399,"[378.8, 267.87, 258.62, 268.04, 109.16, 120.94, 107.44, 150.62, 148.66, 168.93, 184.39, 170.71, 263.19, 214.82, 341.47, 191.37, 302.51, 192.63, 175.57, 301.73, 170.42, 254.99, 184.67, 326.16, 292.19, 269.36, 209.8, 186.91, 177.82, 200.33, 176.88, 172.4, 319.49, 204.58, 305.9, 201.36]","[1077.91, 905.11, 860.06, 826.27, 787.02, 824.67, 826.52, 810.57, 831.78, 691.4, 605.89, 813.29, 890.44, 889.27, 819.27, 676.5, 653.41, 752.6, 697.43, 650.19, 666.8, 654.53, 712.81, 639.08, 701.3, 772.49, 786.18, 861.36, 879.2, 836.81, 854.75, 886.08, 753.56, 785.23, 938.3, 995.07]","[9287.46, 3934.56, 3941.03, 2362.71, 2998.19, 7476.53, 3620.19, 3678.95, 3259.38, 2996.72, 3401.61, 3706.06, 2586.99, 2837.85, 2914.28, 2043.71, 2708.15, 2055.78, 2803.56, 2150.26, 1977.53, 2361.09, 2315.15, 2236.92, 3574.57, 3488.69, 3871.98, 2895.71, 3964.64, 3122.1, 2211.96, 2163.79, 1942.95, 2626.82, 2605.2, 2692.74]","[40466.32, 39623.32, 39417.87, 37640.68, 36479.51, 39828.6, 39078.52, 38598.27, 37724.98, 36604.37, 35870.08, 35445.08, 33256.17, 31758.93, 30346.32, 28274.91, 26075.98, 24008.2, 22484.05, 19716.17, 17596.86, 15411.73, 13615.61, 11088.83, 10112.78, 8457.07, 7567.99, 5923.59, 5339.17, 4159.67, 3243.97, 3223.24, 3016.38, 3618.77, 3850.19, 3889.7]"
da,5000,speaker_4,0.09939759036144578,0.0775716694772344,0.49193188548088074,"[322.02, 268.04, 247.56, 111.95, 159.16, 310.18, 112.59, 110.48, 282.37, 347.31, 184.65, 746.36, 200.68, 305.91, 149.16, 152.44, 196.2, 145.29, 198.99, 147.59, 260.02, 142.41, 302.95, 298.36, 176.72, 183.4, 311.42, 169.45, 162.75, 188.97, 549.67, 330.3, 214.6, 156.7, 156.42, 194.59, 367.89, 155.02]","[545.18, 994.24, 1023.08, 815.21, 757.06, 687.01, 732.64, 874.16, 893.54, 927.8, 746.8, 816.52, 844.09, 729.38, 877.31, 937.17, 818.17, 782.15, 778.2, 925.91, 975.44, 676.42, 546.53, 601.77, 832.62, 716.02, 779.44, 819.18, 711.18, 786.14, 1017.66, 864.1, 724.65, 932.45, 960.0, 926.8, 994.51, 968.81]","[7704.83, 9283.92, 3621.16, 2768.51, 3732.15, 1625.65, 3480.08, 2404.98, 4105.53, 3112.37, 3064.55, 3266.29, 2381.74, 2739.83, 3407.73, 2484.43, 3335.74, 2194.39, 2773.21, 2881.19, 2327.29, 1923.2, 1112.35, 3623.15, 2840.58, 3021.8, 2515.52, 2702.81, 2540.74, 3804.43, 4740.98, 2366.62, 2071.48, 2883.95, 2664.29, 3418.73, 4014.59, 2845.25]","[38510.21, 42603.44, 42093.86, 40694.71, 40050.11, 36932.34, 36256.06, 34520.89, 34069.5, 32873.72, 31790.25, 30915.63, 28931.03, 27123.16, 26417.09, 24792.06, 23786.08, 21863.89, 20485.55, 19276.46, 17287.48, 15086.23, 11666.6, 10756.08, 8456.49, 7336.49, 5509.05, 3897.06, 3415.09, 4780.86, 6310.0, 4130.96, 3011.21, 3974.42, 3781.16, 4540.74, 5377.76, 3969.61]"
da,5000,speaker_5,0.11304347826086956,0.07600434310532031,0.5378701686859131,"[354.08, 277.9, 280.51, 101.41, 273.8, 100.68, 250.97, 286.19, 306.43, 153.02, 147.49, 270.61, 155.5, 279.57, 214.41, 264.56, 255.94, 276.71, 191.21, 165.7, 360.39, 179.69, 300.6, 171.11, 184.08, 189.0, 176.96, 188.38, 143.2, 277.97, 175.21, 145.81, 209.6, 153.79, 310.8, 169.06, 185.13, 154.62, 161.19, 213.47, 173.05, 152.27, 173.05]","[603.41, 810.13, 940.12, 855.02, 791.24, 898.52, 668.26, 687.75, 688.1, 641.93, 851.79, 932.97, 851.63, 864.88, 555.32, 632.16, 853.28, 880.75, 878.27, 902.1, 853.03, 796.89, 755.29, 732.03, 691.63, 745.18, 872.19, 889.99, 915.34, 939.78, 851.47, 840.24, 866.26, 884.63, 762.14, 758.8, 748.53, 823.6, 740.44, 746.17, 790.04, 885.36, 767.04]","[6021.89, 5502.35, 6223.39, 3015.83, 3974.31, 3449.73, 3251.83, 2646.2, 1812.2, 2348.95, 3635.85, 3863.84, 3012.02, 3621.84, 1579.23, 1947.35, 2704.5, 2609.93, 3320.95, 2907.6, 3230.09, 1707.96, 2288.73, 2027.85, 2317.58, 1766.77, 3190.91, 2864.84, 3235.84, 2755.65, 2354.21, 2885.25, 2555.31, 3001.57, 1616.05, 4026.3, 2118.51, 2915.51, 2071.85, 1942.18, 2863.09, 2850.5, 2062.77]","[36622.53, 37967.11, 39194.8, 38055.85, 37081.87, 36381.67, 35058.5, 32906.44, 30124.8, 28312.01, 27591.42, 27085.92, 25971.37, 25287.38, 22506.3, 20120.29, 18698.65, 16952.37, 15314.31, 13900.99, 12326.75, 9912.47, 7657.86, 5578.45, 3566.08, 2701.37, 4241.25, 3943.59, 4294.8, 3974.39, 3381.33, 3872.19, 3631.99, 4041.02, 2690.55, 4954.62, 3052.66, 3894.26, 2973.89, 2902.98, 3826.73, 3888.51, 3003.26]"
da,5000,speaker_6,0.1693121693121693,0.1221881390593047,0.5254830718040466,"[362.87, 247.26, 290.84, 132.06, 267.15, 130.39, 269.64, 253.02, 286.59, 187.98, 162.14, 274.44, 162.96, 157.76, 172.9, 161.7, 182.91, 293.44, 155.87, 206.78, 185.21, 204.7, 291.97, 150.14, 153.22, 274.46, 295.11, 182.75, 191.15, 278.03, 278.15, 288.03, 308.62, 173.67, 185.87, 225.97, 152.61, 360.95, 153.19, 327.83, 154.77, 309.44]","[724.66, 894.01, 818.34, 724.33, 879.33, 927.28, 858.28, 779.41, 785.68, 817.82, 901.49, 768.73, 743.66, 715.38, 868.1, 799.97, 699.27, 743.4, 815.22, 741.32, 793.01, 988.97, 1064.11, 849.41, 727.16, 684.65, 681.47, 764.24, 795.26, 773.76, 730.08, 611.9, 756.11, 936.06, 990.39, 840.43, 932.3, 1056.73, 1153.96, 1061.21, 766.05, 956.25]","[7457.32, 2683.36, 3189.64, 4390.77, 3879.21, 4064.32, 2523.48, 3101.6, 2964.55, 1874.65, 3449.18, 3376.45, 2728.95, 2972.33, 2816.0, 2231.36, 2243.99, 3284.67, 2543.78, 2378.87, 3082.1, 3613.62, 3018.85, 2782.3, 2516.94, 2147.75, 1724.94, 1995.44, 2096.65, 2025.44, 1960.44, 1427.37, 2011.76, 2911.99, 3625.66, 3009.11, 2858.69, 2307.27, 5918.72, 2474.22, 2054.94, 3184.68]","[38979.08, 37302.46, 35733.66, 35344.09, 34690.21, 34607.76, 32135.19, 30913.79, 29308.13, 26835.32, 26146.64, 24579.46, 23179.7, 22019.8, 20703.03, 18588.09, 16680.3, 15248.79, 13669.25, 11721.81, 10083.88, 8951.53, 6846.5, 5284.28, 3675.86, 3107.51, 2702.34, 2942.83, 3083.78, 3077.94, 2969.59, 2327.85, 3077.57, 4022.78, 4802.44, 4075.97, 3944.1, 3726.23, 7227.03, 5145.22, 3071.64, 4450.76]"
da,5000,speaker_7,0.14527027027027026,0.09831121833534379,0.5160145163536072,"[1181.31, 395.72, 131.83, 478.07, 254.08, 267.7, 131.3, 121.1, 111.27, 136.93, 135.12, 111.96, 293.48, 112.06, 110.08, 273.04, 113.34, 147.67, 132.99, 118.14, 153.01, 187.22, 146.1, 181.07, 217.58, 287.94, 173.58, 191.37, 183.23, 213.28, 175.79, 197.7, 284.56]","[551.39, 841.84, 962.0, 830.8, 819.84, 1057.85, 1147.69, 1184.95, 969.14, 676.64, 781.15, 922.02, 831.08, 749.15, 838.9, 884.87, 723.98, 670.84, 836.09, 811.66, 825.95, 804.64, 915.32, 936.11, 860.51, 830.9, 1029.23, 781.92, 707.24, 755.81, 641.2, 825.9, 1120.35]","[8251.37, 4183.86, 4264.99, 1832.08, 5758.76, 3887.53, 3616.85, 3760.32, 2362.13, 1915.46, 3402.44, 3443.44, 2961.48, 2462.35, 2482.07, 2405.1, 2168.11, 2860.15, 3767.26, 2772.23, 2788.54, 3193.71, 3711.99, 4930.03, 2845.09, 2486.28, 2574.74, 2636.44, 2361.71, 2570.94, 1834.99, 3200.94, 4264.36]","[182777.3, 182821.71, 182705.37, 179762.95, 181174.66, 180924.87, 180386.34, 179790.47, 178007.61, 175762.23, 175000.08, 174279.73, 172675.93, 170980.8, 169316.63, 167148.93, 165174.16, 163678.38, 163307.98, 161924.96, 160149.11, 158761.36, 158329.25, 159124.37, 157593.88, 155729.33, 154149.88, 152599.22, 150801.37, 149021.15, 146689.44, 145538.28, 145229.39]"
da,5000,speaker_8,0.11661807580174927,0.08576051779935275,0.5764501094818115,"[362.16, 260.97, 113.92, 126.29, 147.99, 174.98, 268.67, 112.0, 300.09, 341.05, 151.75, 181.42, 311.51, 190.95, 171.39, 204.68, 184.49, 169.74, 268.4, 184.97, 308.49, 169.74, 180.31, 244.87, 196.41, 283.83, 296.65, 190.75, 171.33, 201.01, 285.96, 152.14, 307.17, 184.62, 157.86, 282.65, 159.15]","[769.44, 991.56, 975.64, 1119.24, 1029.91, 746.76, 740.48, 825.31, 761.58, 743.73, 770.89, 841.37, 923.23, 899.8, 1011.98, 829.73, 733.01, 883.14, 826.74, 794.15, 765.82, 1059.47, 1030.08, 680.19, 801.68, 870.52, 713.13, 719.32, 760.56, 876.06, 777.08, 799.24, 957.01, 862.87, 748.2, 835.75, 778.01]","[6786.59, 4060.07, 5077.69, 7217.63, 3282.26, 3052.69, 3182.5, 2753.06, 1980.15, 2528.29, 3198.54, 2900.53, 4052.11, 2560.44, 3825.71, 1833.34, 3786.97, 2719.79, 3300.02, 1887.98, 3391.65, 2677.9, 2855.66, 3626.02, 3727.19, 3259.16, 1744.32, 2904.06, 2662.7, 4007.44, 2447.46, 2612.81, 4293.48, 2531.56, 2253.26, 3136.28, 2357.79]","[38387.75, 38291.33, 39219.84, 42276.61, 41232.74, 40136.61, 38953.68, 37572.62, 34570.23, 32752.8, 31815.42, 30599.83, 30168.53, 28635.85, 28387.77, 26136.54, 25643.7, 24273.26, 23509.4, 21315.06, 19618.86, 18242.5, 16216.29, 14756.74, 14428.95, 13406.52, 10866.15, 9704.01, 8290.57, 8213.72, 5967.45, 4514.38, 5558.46, 3817.77, 3160.54, 4255.95, 3295.65]"
da,5000,speaker_9,0.10824742268041238,0.08097747963584093,0.4961482584476471,"[339.02, 245.95, 121.7, 105.3, 262.96, 100.96, 143.34, 113.01, 325.67, 150.41, 251.81, 270.79, 290.73, 272.33, 201.13, 185.85, 209.4, 153.0, 159.62, 219.98, 174.94, 263.41, 154.69, 275.99, 166.63, 163.54, 165.35, 198.94, 163.47, 177.68, 182.16, 194.8, 167.24, 177.23, 928.34, 197.02, 138.92, 145.2, 155.32, 147.31, 299.31, 324.27, 297.9, 327.53, 314.38, 186.68, 147.23]","[522.57, 729.1, 711.24, 907.95, 955.66, 878.44, 986.08, 871.7, 899.2, 842.89, 877.21, 830.87, 752.08, 847.19, 790.22, 938.89, 816.83, 606.87, 874.12, 843.88, 812.85, 741.51, 680.13, 713.42, 1007.09, 924.84, 656.48, 580.0, 692.49, 850.36, 879.4, 834.18, 962.31, 932.65, 855.94, 798.64, 759.0, 768.37, 846.51, 822.53, 796.04, 784.86, 592.53, 653.82, 696.88, 752.4, 981.83]","[6328.13, 3510.03, 2992.0, 6962.9, 2901.49, 2527.04, 2603.3, 3322.38, 2838.29, 2822.09, 2696.42, 2219.08, 3427.37, 3113.65, 1966.36, 3073.81, 1133.9, 3580.66, 1995.59, 2582.07, 2557.95, 2051.59, 3241.87, 3354.31, 3450.26, 2401.09, 2032.15, 1978.53, 2971.34, 2859.41, 3275.16, 2133.72, 8071.36, 2576.6, 2649.44, 1769.94, 1789.69, 2440.73, 1918.77, 2100.75, 3964.4, 2609.3, 1883.16, 1617.36, 2929.21, 2300.4, 4429.7]","[37340.86, 36763.21, 35674.46, 38553.94, 36961.88, 35405.44, 33926.85, 32968.77, 30908.95, 29648.74, 28083.05, 26242.22, 24571.21, 23227.0, 21126.11, 19938.12, 17005.02, 16510.82, 14440.37, 12948.56, 11438.59, 9011.87, 8196.06, 6878.05, 6033.4, 4370.64, 2854.36, 2757.9, 3827.78, 3887.84, 4337.17, 3163.35, 9202.06, 7695.65, 5228.84, 2766.04, 2688.12, 3354.69, 2921.57, 3071.13, 5061.4, 3719.3, 2774.28, 2600.05, 3942.38, 3239.94, 5559.79]"
da,5000,speaker_10,0.1488095238095238,0.09850905218317359,0.5625008344650269,"[386.99, 314.7, 279.25, 268.91, 275.24, 136.1, 117.56, 280.34, 319.91, 112.29, 117.34, 335.29, 117.74, 126.09, 304.37, 122.4, 153.41, 125.98, 149.65, 130.45, 287.28, 312.94, 310.79, 192.98, 199.66, 167.49, 185.7, 172.38, 208.59, 204.25, 187.27, 195.14, 170.54, 160.84, 176.95, 188.59]","[726.27, 1045.59, 1142.01, 944.54, 912.9, 956.83, 1036.96, 1085.25, 1071.94, 949.95, 900.17, 986.47, 1134.12, 1023.11, 968.17, 1077.96, 986.57, 893.5, 683.65, 605.24, 598.16, 529.99, 801.17, 921.43, 1029.66, 1089.53, 890.85, 1007.98, 1083.8, 1123.59, 991.75, 964.61, 930.67, 796.3, 918.51, 929.44]","[5905.6, 9844.9, 3280.34, 3846.5, 2621.68, 3917.15, 3656.89, 2903.59, 3401.24, 3096.42, 3024.95, 4165.58, 4293.17, 2263.03, 5963.89, 3212.73, 3214.61, 2757.0, 1631.88, 2182.14, 1873.52, 1423.43, 4139.74, 3371.86, 4265.48, 3045.38, 2369.15, 3597.22, 3474.68, 3794.44, 3264.75, 4498.9, 3767.41, 2991.75, 2613.33, 4275.66]","[101307.15, 106156.55, 104872.0, 104161.94, 102625.54, 102171.52, 101678.7, 100209.26, 98636.6, 97359.78, 96251.37, 95833.66, 95985.37, 94125.02, 95344.44, 94411.08, 93458.45, 92066.36, 89526.41, 87319.06, 85031.42, 82086.52, 81453.14, 80692.24, 80812.85, 79500.6, 77713.28, 76993.24, 76326.05, 76006.44, 74971.7, 75331.99, 74974.68, 73836.07, 72316.54, 72491.99]"
da,5500,speaker_1,0.16033755274261605,0.10148148148148148,0.4726209044456482,"[4196.47, 618.08, 264.21, 297.7, 116.84, 178.01, 505.21, 293.2, 562.27, 181.57, 186.84, 213.0, 1027.28, 805.54, 537.15, 367.48, 860.13, 213.05, 1025.34, 956.12, 1018.65, 178.11, 570.67, 306.01, 1112.87, 173.07, 203.33]","[1073.07, 1083.58, 940.37, 1030.54, 1004.75, 994.79, 835.22, 836.25, 750.96, 617.29, 688.22, 622.14, 755.4, 697.17, 839.83, 978.27, 1255.84, 1031.4, 743.81, 777.52, 934.09, 807.0, 939.44, 1087.15, 959.35, 1028.13, 1226.44]","[24315.67, 3494.69, 4601.82, 3087.78, 5311.53, 2596.0, 3152.61, 3373.64, 2149.11, 2672.31, 3012.21, 2929.57, 2734.02, 2553.86, 2363.74, 7833.76, 3812.51, 3430.84, 2262.92, 4085.5, 3143.14, 3057.99, 4465.21, 5392.64, 4113.65, 4667.4, 4133.08]","[64644.76, 63252.21, 63160.28, 61544.88, 62154.54, 60046.11, 57873.9, 56351.16, 52777.56, 50953.72, 49262.25, 46459.28, 44086.75, 42156.66, 39841.28, 42594.73, 41531.34, 40059.0, 37626.64, 36026.94, 34278.08, 32657.63, 32439.49, 33361.13, 32176.87, 32164.07, 31818.73]"
da,5500,speaker_2,0.05947955390334572,0.051532941943900845,0.5416224598884583,"[450.56, 244.52, 120.06, 273.38, 346.67, 182.87, 192.87, 182.44, 633.4, 953.94, 848.27, 928.96, 806.74, 700.11, 756.77, 888.05, 1330.54, 327.9, 298.57, 1125.48, 585.66, 889.12, 1197.57, 264.66, 1042.94, 1073.52]","[817.02, 1090.39, 1050.34, 1008.57, 1045.6, 1087.84, 984.38, 828.43, 908.65, 1125.64, 1011.54, 1030.46, 1124.83, 938.4, 932.11, 1754.56, 927.39, 744.8, 963.6, 1271.63, 953.42, 1043.63, 1095.96, 953.56, 959.33, 1319.69]","[10620.22, 6730.98, 4649.91, 4278.14, 3910.85, 7278.85, 4778.31, 3527.75, 3678.87, 3513.63, 3301.14, 5125.21, 3833.19, 4652.05, 18072.42, 6194.57, 3364.47, 2917.13, 4621.85, 3398.82, 3825.94, 5171.43, 4272.26, 3143.16, 6221.73, 4776.6]","[44974.22, 47014.28, 47177.97, 46141.31, 45137.56, 47727.55, 47807.67, 46856.26, 45834.43, 44633.59, 43227.05, 43871.2, 43052.34, 43031.16, 56032.9, 57752.44, 56446.11, 54492.97, 54422.4, 53352.15, 52507.79, 52174.01, 51981.15, 50447.71, 51357.8, 50829.89]"
da,5500,speaker_3,0.12944983818770225,0.08932853717026379,0.4752580225467682,"[384.27, 288.76, 294.61, 155.59, 124.6, 328.93, 156.67, 324.21, 648.0, 365.45, 971.56, 627.86, 847.52, 746.03, 1081.9, 831.21, 869.83, 1048.09, 1144.85, 1014.67, 1041.22, 992.5, 933.71, 203.93, 812.08, 224.67, 195.68, 1039.77, 933.74, 844.53, 1151.64, 845.42, 611.51]","[1101.41, 1067.24, 857.61, 821.19, 826.66, 903.61, 912.53, 1009.7, 831.78, 757.93, 1003.55, 976.95, 950.77, 858.78, 964.25, 856.01, 684.69, 925.53, 1163.79, 793.76, 873.43, 1004.07, 791.3, 606.73, 795.63, 901.2, 957.59, 906.68, 1014.6, 854.56, 1032.83, 1091.5, 960.77]","[9301.0, 8152.12, 3949.64, 3022.56, 3577.14, 5053.36, 5378.06, 4552.65, 3903.52, 4240.16, 4664.71, 3564.64, 3060.92, 3915.17, 2974.44, 2618.36, 1854.04, 4496.26, 2050.25, 3380.26, 3047.03, 2300.43, 3114.15, 2198.37, 4387.17, 4232.42, 4748.33, 3928.32, 4670.69, 2463.14, 4255.82, 2364.39, 2104.92]","[42644.19, 46094.69, 45367.19, 43692.38, 42770.55, 42925.05, 43593.59, 42853.46, 41854.91, 41396.04, 41586.53, 40269.84, 38640.56, 37855.45, 35751.64, 33693.85, 30873.72, 30685.66, 28062.26, 26764.47, 24722.73, 22562.76, 20998.0, 18522.36, 17811.93, 17370.0, 17634.36, 16882.72, 16672.17, 14456.75, 14041.23, 11523.11, 8926.1]"
da,5500,speaker_4,0.06626506024096386,0.04834176503653738,0.4807600677013397,"[401.77, 276.82, 194.43, 119.86, 299.18, 295.88, 135.01, 299.93, 312.28, 270.69, 534.26, 177.77, 847.39, 877.17, 378.11, 797.03, 649.75, 176.27, 1182.04, 214.96, 495.21, 995.46, 331.46, 161.23, 236.95, 242.22, 210.55, 226.87, 339.92, 1029.17, 194.97, 220.61, 850.16, 925.95]","[751.26, 1005.49, 1034.97, 892.71, 871.78, 898.15, 848.45, 973.08, 1047.67, 958.29, 948.61, 1035.45, 1038.34, 1007.21, 1024.07, 1148.55, 766.4, 898.54, 861.75, 757.25, 691.38, 870.91, 770.97, 957.52, 939.79, 907.39, 829.31, 869.3, 879.25, 764.64, 955.29, 996.42, 1120.81, 1085.66]","[26719.86, 5486.84, 4106.21, 2608.04, 5931.25, 3606.48, 3541.45, 5376.99, 5442.58, 3470.91, 5275.98, 4040.47, 3841.55, 3951.45, 3870.26, 2681.78, 3133.79, 3213.64, 2613.17, 2238.99, 4087.7, 3018.24, 3665.79, 2014.9, 4195.74, 3235.81, 3773.62, 5659.68, 2505.41, 3643.04, 3885.13, 5470.89, 3562.21, 3217.06]","[57621.97, 58434.32, 57637.81, 55539.56, 55945.84, 54243.85, 53096.9, 53784.66, 54100.22, 52859.01, 52624.97, 51968.68, 50907.27, 49570.53, 48768.28, 46777.91, 45434.79, 43786.07, 41712.58, 39481.01, 38892.01, 37242.93, 36236.98, 33355.96, 32863.17, 31611.06, 30712.45, 31484.9, 28903.34, 27860.76, 27256.76, 28041.18, 26710.9, 25044.95]"
da,5500,speaker_5,0.12753623188405797,0.07654723127035831,0.5282381176948547,"[394.51, 270.18, 146.31, 447.39, 268.95, 141.41, 288.72, 165.71, 831.6, 216.97, 1064.7, 861.43, 757.24, 552.75, 770.74, 436.13, 776.86, 1111.73, 406.12, 890.34, 206.74, 327.5, 629.54, 287.82, 806.64, 786.89, 949.56, 1048.31, 383.49, 1169.79, 1086.42, 312.57, 868.96, 953.7, 919.51, 1224.46, 1219.58, 756.81, 879.64]","[661.77, 833.4, 885.34, 972.91, 1028.41, 784.86, 760.31, 622.47, 833.87, 888.46, 991.2, 963.66, 1073.77, 1036.26, 891.8, 849.46, 757.01, 893.21, 1000.85, 995.27, 828.74, 729.41, 971.34, 936.6, 846.72, 1011.04, 1034.32, 865.48, 930.28, 1003.32, 1049.16, 841.24, 937.62, 1018.89, 862.17, 846.96, 1011.38, 1009.85, 842.84]","[6203.76, 5845.94, 3468.66, 7447.91, 3848.58, 3169.04, 4183.29, 1520.6, 3053.15, 3774.16, 3452.35, 3222.07, 9217.85, 2308.74, 2972.32, 2027.28, 2886.52, 23428.64, 3904.38, 3111.01, 3419.83, 3675.44, 3144.43, 3010.83, 1718.01, 4606.23, 3735.24, 3609.35, 3729.29, 2576.74, 4324.44, 3991.55, 2970.38, 3256.06, 4144.45, 3347.93, 5642.02, 4436.27, 3800.97]","[38668.67, 39813.43, 38784.75, 40698.43, 39229.92, 37913.78, 36395.25, 33417.84, 31570.16, 30641.12, 29419.03, 27356.25, 31286.09, 28929.71, 27027.64, 23772.88, 21981.23, 40914.52, 39710.7, 37741.49, 36494.7, 35487.88, 33549.45, 31852.45, 29078.64, 28780.28, 27832.56, 26772.8, 26024.87, 23909.09, 23537.58, 22863.58, 20536.48, 19121.01, 18581.36, 17257.61, 17402.14, 17373.94, 16075.04]"
da,5500,speaker_6,0.12962962962962962,0.0843558282208589,0.5369688272476196,"[490.45, 322.14, 349.64, 344.6, 207.0, 296.54, 121.67, 146.1, 728.61, 403.01, 824.19, 539.0, 813.0, 1030.9, 202.93, 780.45, 716.84, 974.53, 999.04, 975.78, 908.23, 1168.87, 1137.0, 1068.32, 1130.51, 892.08, 1007.0, 1358.11, 1359.51, 1012.56, 826.93, 1034.36, 766.71, 1047.0, 1210.5, 443.48, 430.09, 1074.73]","[815.71, 973.53, 946.07, 932.94, 943.01, 992.51, 864.44, 730.74, 644.71, 852.02, 1153.9, 919.38, 956.4, 840.64, 818.68, 948.75, 846.44, 871.18, 1071.52, 1348.7, 945.49, 871.52, 926.91, 829.29, 955.48, 926.23, 825.82, 772.67, 915.58, 1034.66, 1082.46, 1136.44, 1101.28, 1224.57, 1446.22, 939.15, 722.86, 1575.6]","[8703.06, 4480.55, 3651.56, 4589.12, 6005.2, 3577.8, 3650.4, 2493.85, 1669.55, 9256.32, 3896.21, 4431.23, 3112.74, 3511.05, 3132.96, 4452.74, 3173.8, 4467.29, 5224.71, 6140.92, 2753.66, 3464.23, 3834.59, 3472.37, 3845.16, 2538.15, 2839.72, 2777.13, 1886.16, 3143.01, 4646.63, 6093.93, 3977.0, 4260.98, 26275.32, 2887.42, 2318.46, 9877.93]","[43635.14, 42611.74, 41477.47, 41163.03, 42471.85, 40943.39, 40110.1, 37931.01, 34511.8, 38254.36, 37473.17, 36803.59, 35039.61, 33250.32, 31717.71, 31691.71, 29968.91, 28925.54, 29071.15, 30550.11, 28619.97, 27182.41, 26550.69, 25317.2, 24487.29, 22141.94, 20285.75, 18404.81, 15818.65, 14083.62, 14040.09, 14831.72, 14154.6, 13941.05, 35320.41, 33540.46, 31395.66, 35758.8]"
da,5500,speaker_7,0.16891891891891891,0.10735826296743065,0.506546676158905,"[458.79, 291.93, 185.82, 157.47, 249.24, 413.89, 135.82, 275.12, 695.76, 290.81, 181.21, 294.74, 973.56, 992.46, 355.81, 471.02, 658.09, 487.49, 275.01, 1006.56, 171.86, 1009.39, 419.48, 1211.74, 315.4, 343.25, 998.66, 1002.64]","[690.9, 1124.58, 952.12, 962.0, 1048.6, 1340.62, 1339.71, 1137.21, 901.04, 882.18, 813.48, 866.39, 1062.91, 998.67, 859.21, 963.29, 1336.91, 989.48, 899.22, 925.95, 957.48, 917.25, 942.56, 1118.79, 799.71, 828.42, 892.2, 838.15]","[8690.4, 4787.39, 2758.97, 3250.64, 8767.12, 11363.18, 5035.17, 3678.77, 3049.31, 4569.22, 3142.67, 2608.98, 4030.24, 3185.33, 2970.77, 5894.44, 3703.61, 2932.37, 3242.26, 5080.33, 4259.02, 2856.8, 4571.9, 2136.86, 2761.11, 3052.42, 1854.38, 4222.46]","[43947.47, 44043.88, 42111.74, 40860.58, 44932.62, 51401.41, 51744.58, 50715.36, 48820.68, 48800.55, 47216.24, 44644.19, 43079.36, 40405.26, 38584.0, 38816.27, 37793.65, 35130.79, 33636.43, 33951.54, 33648.78, 31538.04, 31336.76, 28952.7, 26966.86, 24418.3, 21489.53, 20517.77]"
da,5500,speaker_8,0.12536443148688048,0.09331175836030205,0.5328331589698792,"[349.7, 277.67, 273.83, 173.6, 328.82, 150.8, 129.1, 193.86, 269.81, 164.51, 212.7, 978.89, 355.05, 227.07, 193.98, 159.34, 159.36, 256.85, 188.42, 259.9, 339.74, 177.55, 381.58, 199.51, 937.07, 209.47, 329.85, 825.55, 197.24, 904.47, 688.1, 181.11, 237.57]","[1032.68, 1102.82, 1161.77, 1007.53, 808.8, 794.96, 759.29, 530.98, 777.12, 948.69, 806.12, 1066.38, 934.21, 804.76, 1031.58, 940.31, 833.55, 836.03, 924.52, 981.94, 766.75, 784.65, 805.09, 909.53, 983.16, 852.03, 970.97, 687.43, 741.96, 1000.4, 807.25, 792.24, 838.8]","[8822.32, 6764.23, 6367.29, 3499.25, 3965.2, 3108.26, 2645.52, 1230.92, 3460.59, 2971.95, 2970.91, 3930.02, 3262.15, 3221.78, 3965.55, 3196.74, 3887.02, 2266.45, 2976.34, 3286.3, 2562.22, 3092.96, 4180.5, 3189.16, 3348.45, 2479.56, 4861.5, 1585.95, 4766.91, 4345.75, 2620.7, 3091.07, 3107.88]","[41048.32, 42006.67, 43752.2, 42425.67, 41350.03, 39631.36, 37679.14, 34120.13, 32770.9, 31134.0, 29325.14, 28244.36, 26744.28, 25424.39, 24627.47, 23034.42, 22157.02, 19634.99, 18056.21, 16589.1, 14398.56, 12738.72, 11507.54, 9933.1, 8118.69, 5835.92, 6163.84, 3099.96, 5707.09, 6251.35, 4138.95, 4065.11, 4185.49]"
da,5500,speaker_9,0.13144329896907217,0.10828941063727839,0.5113317370414734,"[549.21, 266.9, 288.12, 295.13, 338.08, 123.72, 220.15, 168.58, 626.31, 265.22, 433.11, 282.0, 857.25, 182.64, 853.06, 207.46, 597.79, 818.7, 766.66, 293.44, 885.97, 555.28, 812.0, 1077.5, 1043.2, 804.11, 934.72, 872.51, 829.11, 832.79, 1259.61, 511.19, 893.21, 829.76, 618.12, 484.73, 882.56, 913.03, 565.42, 837.78, 257.72]","[764.37, 902.97, 864.45, 1009.66, 926.09, 970.06, 959.84, 956.43, 978.0, 954.36, 854.29, 824.1, 1035.27, 1125.08, 1019.34, 763.21, 1098.81, 1057.38, 751.96, 715.42, 855.47, 1128.19, 1007.39, 800.72, 792.31, 850.7, 1022.08, 1071.29, 1174.9, 964.41, 775.9, 665.97, 962.73, 1019.84, 772.83, 827.22, 885.04, 636.47, 686.78, 854.62, 883.24]","[8568.87, 5987.0, 3272.35, 3624.86, 2146.93, 3536.05, 3611.51, 3213.12, 3847.2, 3311.6, 2391.96, 3596.99, 3072.75, 2956.47, 2630.52, 3559.28, 5402.82, 2503.32, 2687.06, 2587.65, 4336.92, 5188.89, 3271.51, 3280.31, 1808.48, 4170.87, 4175.67, 6933.68, 3766.07, 2906.97, 2170.86, 2647.54, 4286.98, 2459.02, 2330.44, 4242.82, 2876.68, 2289.81, 2862.04, 4197.2, 4098.26]","[42285.16, 43594.52, 42156.7, 40668.53, 38115.35, 37152.61, 36058.8, 34594.71, 33535.08, 32347.02, 29030.8, 27143.22, 24731.49, 23009.51, 21170.12, 20051.69, 20775.35, 18609.26, 16610.2, 14715.49, 13768.36, 14075.45, 12459.44, 11077.83, 8000.86, 7483.32, 6371.49, 8879.29, 7757.83, 5767.66, 4209.9, 3825.88, 6146.03, 4313.66, 3722.54, 5556.89, 4645.57, 3839.94, 4115.83, 5891.17, 5503.83]"
da,5500,speaker_10,0.16964285714285715,0.10969116080937168,0.5794209837913513,"[422.23, 335.79, 132.06, 117.8, 140.97, 122.47, 160.47, 346.31, 650.97, 209.17, 215.81, 293.99, 869.85, 257.18, 752.73, 596.09, 1085.76, 350.07, 921.75, 991.46, 228.89, 903.28, 349.95, 220.79, 1176.84, 1206.75, 1203.66, 1383.71, 256.16, 1414.14, 1237.94, 1200.62]","[762.29, 1077.05, 1072.18, 1020.95, 979.18, 972.85, 1207.82, 1110.84, 1090.16, 947.98, 1039.3, 1304.09, 1130.42, 1114.57, 1138.96, 1067.44, 1084.81, 915.53, 785.19, 701.51, 820.21, 1071.35, 1147.44, 1109.22, 1211.24, 1398.64, 1385.7, 1246.15, 1158.03, 1158.54, 833.23, 1038.18]","[5927.32, 9637.44, 3147.57, 4357.16, 3002.36, 4166.0, 4010.01, 2888.5, 7489.09, 3132.28, 4876.87, 4832.89, 3878.2, 5305.82, 4216.27, 4495.44, 2015.56, 2603.93, 2387.95, 2003.2, 4995.17, 3797.43, 5848.92, 3970.52, 5908.14, 34904.69, 6247.83, 5895.89, 6694.2, 3437.06, 1277.61, 3691.77]","[36746.87, 41684.27, 40120.4, 39764.46, 38258.94, 37723.31, 37027.8, 35221.17, 38002.97, 36439.24, 36824.22, 36776.0, 35988.57, 36611.67, 36349.78, 35958.47, 33098.12, 31016.44, 28735.92, 25248.81, 25568.31, 24696.01, 25453.02, 24735.06, 25152.76, 55570.6, 57158.85, 57963.53, 59769.39, 58125.55, 54740.94, 53751.13]"
da,6000,speaker_1,0.15611814345991562,0.09037037037037036,0.4595772624015808,"[4102.55, 541.74, 182.24, 123.24, 344.35, 136.54, 546.57, 128.62, 274.6, 196.21, 329.5, 1058.73, 1024.39, 367.5, 1066.88, 982.13, 1198.23, 1000.96, 268.12, 1140.02, 1174.15, 1039.12, 1177.8, 1086.3, 1071.57]","[1121.56, 1084.07, 1182.34, 1146.84, 1031.53, 976.18, 838.1, 755.11, 601.92, 781.34, 840.1, 773.06, 826.73, 940.28, 1171.26, 1157.36, 1037.41, 864.84, 822.9, 1109.88, 1190.57, 1302.02, 1110.37, 1152.09, 1298.34]","[24385.8, 3988.56, 7777.96, 4687.62, 3829.04, 3160.62, 3462.71, 2185.5, 3325.13, 3542.24, 3340.99, 3610.43, 2179.02, 4209.99, 3981.61, 4705.13, 2620.7, 3720.64, 2301.0, 2610.58, 4595.04, 5019.39, 4305.43, 4967.53, 4773.29]","[63000.27, 61890.35, 64562.78, 64144.96, 62471.78, 60519.3, 58058.28, 55125.37, 52918.89, 51358.95, 48568.14, 47069.91, 43529.29, 42052.46, 40928.8, 40560.35, 37673.82, 35916.07, 32925.64, 29833.4, 28529.25, 28473.77, 27697.93, 27178.78, 26449.4]"
da,6000,speaker_2,0.08178438661710037,0.051532941943900845,0.5088221430778503,"[505.31, 298.09, 161.98, 141.81, 149.14, 152.62, 184.78, 644.07, 346.97, 754.92, 901.78, 1098.03, 774.59, 924.32, 391.81, 537.72, 514.79, 805.8, 251.24, 686.95, 959.72, 771.42, 218.85, 786.45]","[902.56, 1132.85, 1167.1, 1088.69, 1128.64, 1119.26, 992.47, 932.26, 1045.46, 1110.8, 1088.14, 1278.61, 1148.81, 1117.43, 1028.79, 1076.89, 956.25, 1035.74, 896.94, 1025.48, 1130.63, 1008.75, 1073.26, 996.98]","[10201.93, 7931.93, 4750.64, 4377.68, 9476.12, 5743.19, 3544.45, 3665.33, 4052.74, 3924.43, 5181.86, 4508.27, 4857.35, 4635.78, 4612.1, 4422.49, 3581.92, 4994.73, 3846.24, 4367.6, 4559.28, 4042.23, 3829.8, 3069.36]","[41574.94, 44187.15, 43823.16, 43093.3, 47454.47, 47894.56, 46342.93, 44901.1, 42826.76, 41652.8, 41537.46, 40549.52, 40335.36, 39874.72, 39406.22, 37913.8, 36404.03, 36321.05, 34880.38, 34150.28, 33592.86, 32130.49, 30656.94, 28456.03]"
da,6000,speaker_3,0.14563106796116504,0.09712230215827339,0.48313581943511963,"[386.84, 322.8, 290.95, 328.2, 224.23, 157.43, 210.79, 344.6, 335.05, 722.79, 596.36, 974.0, 371.72, 591.19, 1043.93, 1076.05, 663.92, 934.91, 685.1, 214.89, 898.24, 226.93, 452.06, 285.83, 914.26, 292.66, 1225.91, 1348.05, 286.05]","[1145.28, 1101.08, 1115.05, 972.19, 916.28, 1028.14, 1116.61, 906.11, 746.22, 1134.59, 1353.0, 1153.68, 902.9, 818.11, 910.33, 788.99, 796.84, 843.2, 792.98, 833.74, 880.75, 913.7, 1066.89, 927.15, 1088.52, 1183.15, 1050.59, 948.13, 1017.26]","[9036.21, 9625.71, 5200.51, 3797.51, 6693.42, 4549.16, 4875.14, 4516.01, 3519.29, 3895.97, 3278.17, 3053.45, 2622.32, 3068.97, 3851.27, 2615.13, 2413.37, 3030.14, 2599.59, 4378.04, 3503.29, 4590.54, 3221.33, 5487.54, 5011.42, 4052.42, 3170.86, 2884.22, 2613.87]","[40135.9, 44032.77, 43714.38, 42397.01, 43765.15, 43209.27, 42991.24, 41373.1, 39609.04, 38390.19, 36579.46, 34348.03, 31473.59, 29447.0, 28201.32, 25107.14, 22238.54, 20174.66, 17486.55, 16773.06, 14162.77, 13658.84, 11800.76, 12208.2, 11511.8, 10495.84, 8376.47, 5970.92, 3917.65]"
da,6000,speaker_4,0.0783132530120482,0.05902192242833052,0.48418310284614563,"[442.34, 265.77, 323.88, 318.75, 338.2, 128.18, 181.74, 910.72, 1062.35, 1075.4, 1042.44, 1079.49, 1162.31, 1056.54, 327.41, 1262.28, 539.77, 552.24, 308.79, 1526.53, 643.5, 201.39, 206.98, 358.32, 195.57, 1158.28, 1086.55, 226.32, 1202.74, 1627.51]","[834.99, 1043.47, 1060.29, 929.87, 864.21, 1026.46, 1221.45, 1118.99, 1031.1, 1077.74, 1259.6, 1084.06, 827.6, 1158.22, 997.78, 954.62, 1007.28, 908.59, 720.97, 995.91, 972.9, 899.05, 1007.31, 946.14, 986.56, 914.75, 859.47, 892.24, 1185.88, 1160.23]","[11784.12, 6847.46, 3830.45, 3742.57, 3660.79, 3794.35, 6536.24, 8725.72, 4078.34, 5587.78, 4233.55, 2427.07, 3433.97, 5466.5, 2762.38, 4074.49, 3221.54, 2949.56, 3079.68, 3833.69, 2689.31, 3875.55, 5993.83, 4181.06, 3873.94, 6451.24, 3445.98, 3806.1, 4733.42, 4091.82]","[42068.18, 43818.55, 42321.42, 40742.43, 38880.23, 37564.22, 39006.74, 42612.55, 40843.21, 41289.53, 40432.76, 37774.65, 35917.18, 35679.68, 33337.59, 31483.6, 28986.94, 26633.28, 24617.95, 22360.48, 19767.04, 18549.21, 19047.09, 18137.51, 16728.95, 17463.36, 15544.63, 14242.35, 13658.56, 11847.42]"
da,6000,speaker_5,0.10434782608695652,0.06297502714440825,0.5541943311691284,"[4062.21, 661.75, 497.58, 306.19, 418.84, 187.77, 315.34, 415.54, 136.59, 264.98, 199.57, 850.68, 1164.86, 582.59, 1852.99, 1203.43, 1020.53, 1326.31, 1578.5, 1139.53, 226.23, 1132.7, 1023.46, 1123.69, 1090.66, 1172.31, 1242.37, 222.71, 1188.39, 799.78, 1212.16, 218.85, 1493.98, 1129.49, 1009.35, 1174.8]","[970.85, 962.6, 1103.33, 1032.79, 1010.68, 931.35, 740.48, 702.99, 810.71, 890.61, 890.29, 1036.68, 1133.14, 895.87, 1209.4, 970.55, 1078.18, 1010.88, 1170.17, 973.16, 1038.25, 1119.33, 1034.02, 1101.72, 1177.38, 1035.83, 1136.98, 1034.59, 1124.59, 1284.62, 892.36, 753.33, 859.17, 767.57, 1128.89, 969.38]","[19766.29, 8162.88, 7528.55, 10671.87, 5490.99, 6083.08, 3421.59, 2961.04, 3611.59, 4320.67, 3743.38, 5034.02, 3866.23, 3241.25, 2515.86, 4903.4, 3531.88, 3268.84, 2435.0, 3709.39, 4962.16, 4382.96, 2758.23, 3864.65, 3607.79, 3989.46, 4412.77, 4589.62, 2859.07, 4259.55, 2332.06, 4632.25, 3418.64, 9412.29, 8527.34, 4111.04]","[62486.8, 65545.18, 67565.06, 72917.22, 73118.32, 74108.3, 72125.83, 69598.5, 67683.99, 66896.76, 65319.23, 65260.08, 63816.92, 61745.53, 58886.95, 58251.34, 56481.0, 54646.44, 51363.64, 49769.07, 49653.93, 48761.21, 46232.36, 44504.56, 42830.51, 41732.52, 40864.51, 40371.24, 37543.43, 36709.84, 33807.24, 32931.54, 31261.09, 35373.27, 38827.42, 37841.95]"
da,6000,speaker_6,0.12169312169312169,0.07259713701431493,0.5444038510322571,"[495.69, 301.97, 145.6, 177.09, 152.49, 161.91, 133.82, 727.62, 753.57, 1074.11, 751.89, 857.99, 823.74, 848.64, 1086.08, 731.17, 1007.6, 342.07, 304.55, 1032.57, 916.15, 547.54, 769.5, 1018.86, 1230.28, 1232.57, 1300.58, 978.45, 1093.09, 1068.56, 1260.4, 1293.46, 2567.28, 1787.97]","[915.66, 977.3, 933.12, 1071.49, 1022.77, 866.56, 676.73, 718.46, 1113.25, 1402.36, 1003.96, 882.6, 891.78, 989.31, 1095.94, 950.43, 1077.65, 831.34, 985.38, 948.85, 736.16, 876.27, 829.88, 925.91, 975.32, 1019.1, 883.45, 1175.54, 1299.86, 1226.26, 1482.4, 1416.44, 1356.58, 2177.58]","[9310.58, 3781.56, 5350.37, 6905.22, 5794.6, 2519.25, 2710.81, 2840.15, 4148.1, 6037.21, 3453.28, 3328.75, 2805.96, 3980.82, 3984.58, 4039.34, 4795.67, 4529.24, 2388.43, 3043.22, 3247.67, 3998.1, 3367.09, 3096.47, 3143.61, 2619.95, 3230.92, 7945.42, 3992.22, 3664.57, 12451.06, 5605.7, 6476.87, 5043.96]","[45514.87, 44209.58, 44258.4, 46041.94, 46722.94, 43935.11, 41528.67, 38427.89, 37460.87, 37586.25, 35957.94, 33980.89, 30864.22, 29359.2, 27238.44, 25385.2, 24872.73, 23693.52, 20577.93, 18343.1, 15901.97, 14610.66, 12881.9, 10279.0, 7739.9, 5270.97, 5420.05, 10101.54, 8386.09, 6745.75, 15196.18, 15724.65, 16862.31, 16717.24]"
da,6000,speaker_7,0.1554054054054054,0.10554885404101327,0.5149390697479248,"[508.91, 325.59, 353.59, 324.13, 370.64, 178.53, 312.73, 760.65, 1058.1, 1107.1, 1080.94, 1206.71, 1150.57, 1087.65, 1063.2, 1193.13, 1234.95, 355.82, 1009.19, 552.83, 644.67, 343.17, 232.75, 1062.92, 655.52]","[797.94, 1195.53, 1343.19, 1199.61, 1245.56, 1413.47, 1352.12, 1082.8, 974.92, 1137.36, 1157.45, 1187.51, 1229.66, 1056.06, 1138.41, 1231.06, 1089.05, 909.62, 1218.4, 1245.96, 1016.48, 1027.0, 968.82, 1184.04, 929.3]","[10170.91, 9499.16, 5512.44, 5180.04, 31042.57, 6595.94, 4693.32, 3807.4, 4415.09, 4472.09, 3453.63, 4847.15, 3570.63, 3293.59, 6123.73, 5681.64, 4561.44, 4566.02, 6566.96, 4481.34, 4085.92, 2939.26, 4255.36, 2389.04, 2611.62]","[44487.3, 48334.84, 48727.31, 48209.5, 74146.77, 75431.12, 74823.05, 73526.19, 72638.04, 72014.2, 69968.05, 68926.51, 66793.1, 64395.38, 65418.86, 66013.48, 65269.75, 64729.69, 66195.23, 65398.68, 64182.3, 61409.57, 60369.64, 56646.64, 54176.37]"
da,6000,speaker_8,0.11078717201166181,0.08090614886731391,0.5621445775032043,"[464.81, 281.87, 147.58, 181.13, 139.67, 338.59, 195.34, 217.23, 183.51, 361.46, 258.89, 205.0, 272.6, 471.31, 995.83, 885.94, 784.99, 997.0, 170.45, 815.76, 988.98, 324.6, 338.46, 197.86, 212.95, 313.14, 382.83, 1055.91, 1015.58]","[1041.42, 1108.73, 1106.85, 1094.83, 891.43, 902.18, 917.5, 869.74, 820.02, 1042.24, 837.09, 938.89, 1102.89, 1051.57, 988.3, 899.19, 1004.89, 1115.52, 733.51, 859.99, 1125.21, 941.78, 944.0, 1107.54, 995.62, 893.16, 957.88, 950.24, 917.15]","[8662.35, 6969.83, 5007.63, 3446.25, 3658.99, 13860.86, 3217.56, 3376.52, 4196.82, 5317.41, 2785.07, 5666.82, 4163.82, 5690.15, 3877.33, 3493.89, 3543.47, 4204.19, 2704.9, 3883.38, 4644.85, 3527.73, 4519.42, 6906.49, 3480.53, 3541.68, 3056.97, 2514.0, 4470.74]","[38372.32, 40247.04, 40135.85, 38459.84, 36789.88, 44704.56, 42826.12, 41091.25, 40191.47, 39596.92, 37279.52, 37854.29, 36945.68, 37114.75, 35717.79, 34137.8, 32592.45, 31483.45, 29095.76, 27072.63, 26431.86, 24272.2, 22876.52, 24491.72, 22893.73, 21360.46, 18918.46, 16148.11, 15526.05]"
da,6000,speaker_9,0.11855670103092783,0.08576904647819837,0.5026923418045044,"[454.06, 338.09, 165.52, 127.66, 149.31, 133.13, 320.12, 433.34, 258.94, 313.46, 334.96, 750.43, 412.31, 489.72, 517.37, 1001.4, 933.47, 1070.52, 245.52, 355.19, 364.81, 888.58, 1337.55, 1346.18, 875.54, 1193.27, 1188.69, 1483.3, 981.71, 1223.93, 1079.79, 1109.89, 1102.64, 976.28, 1031.33, 820.19, 1228.51, 795.15]","[764.08, 884.23, 932.13, 1146.31, 905.63, 1084.35, 897.62, 886.97, 655.73, 593.85, 957.49, 1035.67, 1266.48, 1094.99, 967.74, 1257.75, 1192.05, 870.32, 747.88, 1088.4, 1074.79, 844.7, 929.53, 1055.56, 1075.8, 1352.16, 1238.3, 790.55, 794.87, 1053.98, 999.25, 1011.12, 1068.16, 829.78, 714.13, 710.63, 1167.85, 1162.88]","[8296.2, 4244.77, 6529.19, 39962.97, 4072.75, 4955.69, 3496.69, 4949.89, 2465.36, 3461.03, 5477.65, 3638.97, 5206.21, 3957.99, 4509.73, 4474.53, 6532.1, 5405.07, 4536.98, 5478.68, 4133.63, 4770.84, 4033.92, 5004.8, 4677.73, 7201.84, 3981.99, 3019.93, 2733.37, 6108.26, 3160.55, 3712.07, 3867.11, 2683.45, 3304.57, 3858.85, 3280.45, 7367.24]","[40546.68, 39692.97, 41107.21, 75760.3, 74715.49, 74543.95, 72318.31, 72170.43, 69531.11, 66683.5, 66252.83, 64791.84, 64889.02, 63536.93, 62327.81, 61065.92, 62295.48, 61984.74, 61441.52, 61638.78, 60701.69, 60200.45, 59150.66, 58474.39, 57052.2, 59153.63, 58058.74, 55785.73, 53018.42, 53824.88, 51689.35, 50113.2, 48915.68, 46507.5, 44500.2, 43052.82, 41252.38, 43136.34]"
da,6000,speaker_10,0.15773809523809523,0.10170394036208733,0.5611893534660339,"[449.28, 298.86, 370.32, 331.59, 167.75, 167.43, 167.56, 204.54, 532.92, 1132.84, 864.35, 1060.7, 1060.33, 946.1, 994.13, 1041.69, 832.45, 830.39, 786.92, 930.5, 408.8, 973.97, 582.34, 812.0, 881.75, 845.57, 402.71, 918.08, 884.48]","[972.18, 1222.4, 1239.91, 1228.38, 1299.84, 1245.16, 1140.35, 1261.71, 1250.2, 1133.98, 1323.09, 1545.44, 1501.14, 1360.22, 1165.01, 1087.56, 789.79, 779.35, 1055.87, 1288.87, 1140.45, 1277.2, 1361.15, 1485.25, 1488.11, 1210.41, 1199.84, 1161.57, 1152.92]","[9354.99, 11956.75, 5761.49, 5910.9, 6167.77, 5168.58, 3841.24, 9836.44, 5195.31, 4435.64, 5313.61, 5086.28, 6570.48, 5027.67, 4216.04, 2861.96, 2596.09, 3036.87, 4392.07, 5539.92, 3133.47, 5466.87, 5731.87, 5055.05, 4859.04, 24798.84, 3962.18, 4554.23, 4601.83]","[43375.34, 50025.95, 49863.85, 50681.65, 51742.64, 51808.32, 50349.11, 55091.94, 55181.41, 54518.95, 54317.3, 54102.99, 55363.19, 55301.63, 54023.5, 51192.52, 48701.44, 46446.32, 45757.89, 46216.69, 44069.97, 44460.94, 45103.11, 44659.27, 44426.44, 63950.4, 61828.7, 61286.63, 60800.62]"
